,Comp. 1,Comp. 2,Comp. 3,Comp. 4,Comp. 5,Comp. 6,Comp. 7,Comp. 8
NRP2,3.0585,2.5669,2.4742,2.4227,2.4078,2.4041,2.4034,2.4031
APOA1,3.0156,2.4092,2.3214,2.2755,2.2627,2.2596,2.2589,2.2586
FETUA,2.893,2.3225,2.2403,2.1891,2.1748,2.1717,2.171,2.1707
A1AG1,2.8889,2.3633,2.2748,2.2285,2.215,2.2116,2.2105,2.2103
NBL1,2.8173,2.349,2.2909,2.2497,2.2358,2.2324,2.2315,2.2312
COMP,2.7918,2.3604,2.2723,2.2206,2.2063,2.2037,2.2028,2.2026
ITIH4,2.7841,2.2266,2.1461,2.1019,2.0882,2.085,2.0839,2.0837
A2GL,2.6234,2.0929,2.0269,1.9837,1.9709,1.9679,1.967,1.9667
APOA4,2.5161,2.0089,1.9337,1.9037,1.8913,1.8892,1.8883,1.888
TTHY,2.4516,2.1829,2.1412,2.1015,2.0929,2.0924,2.0915,2.0912
HRG,2.3646,1.9098,1.8481,1.8386,1.8273,1.8247,1.8239,1.8237
C1QC,2.3632,2.3099,2.2478,2.2009,2.1893,2.1862,2.1851,2.1849
ANT3,2.3443,1.9669,1.9114,1.8775,1.8653,1.8624,1.8615,1.8612
APOL1,2.2779,1.8172,1.7602,1.72,1.7105,1.7091,1.7084,1.7081
ZA2G,2.1985,1.7703,1.7294,1.6925,1.6817,1.6792,1.6785,1.6783
NEO1,2.1644,1.7328,1.6727,1.6609,1.651,1.6487,1.648,1.6478
PLXB2,2.1546,1.719,1.6681,1.6472,1.6412,1.6393,1.6385,1.6384
SLIK4,2.1456,1.7131,1.6511,1.6161,1.6115,1.609,1.6082,1.6081
CERU,2.1176,1.6895,1.6263,1.5978,1.5877,1.5853,1.5846,1.5844
IBP7,2.0882,1.7615,1.7126,1.6855,1.6747,1.6759,1.6754,1.6753
GRIA4,2.0562,1.7833,1.7293,1.7009,1.6931,1.6907,1.6913,1.691
FHR1,2.0466,1.6544,1.5994,1.5633,1.5576,1.5554,1.5547,1.5545
SORL,2.0446,1.6401,1.5796,1.5455,1.539,1.5374,1.5368,1.5367
PGS2,1.9682,1.9017,1.8372,1.809,1.8142,1.8117,1.8108,1.8107
NID1,1.951,1.5584,1.5003,1.4684,1.4588,1.4587,1.4582,1.4581
SPRL1,1.9456,1.5737,1.5412,1.5458,1.5383,1.536,1.5352,1.535
A1AG2,1.9288,1.6278,1.624,1.5891,1.5794,1.5798,1.58,1.5799
CSPG2,1.9199,1.7377,1.6759,1.6386,1.6353,1.6328,1.6321,1.632
ICOSL,1.903,1.521,1.4945,1.4853,1.4797,1.4774,1.4771,1.4769
C1QT1,1.8628,1.5946,1.537,1.502,1.4924,1.4908,1.4904,1.4903
IBP6,1.856,1.5493,1.4919,1.4586,1.4572,1.455,1.4544,1.4545
ALS,1.8533,1.6521,1.6531,1.6287,1.62,1.6181,1.6173,1.6171
CBPB2,1.7908,1.6296,1.59,1.5562,1.5461,1.5439,1.5441,1.5439
FBLN2,1.7863,1.7655,1.7009,1.7063,1.6996,1.6973,1.6965,1.6963
AMBP,1.7732,1.584,1.5359,1.5063,1.4967,1.4952,1.4945,1.4943
VGF,1.7633,1.4074,1.3547,1.3257,1.3195,1.3177,1.3186,1.3187
CBLN1,1.7618,1.4858,1.4385,1.4114,1.4027,1.4012,1.4008,1.4006
FUCO,1.747,1.3945,1.3461,1.3164,1.3113,1.3099,1.3098,1.3096
PON1,1.7313,1.4161,1.368,1.3385,1.3357,1.3337,1.3332,1.333
LFNG,1.729,1.68,1.6325,1.5981,1.588,1.5873,1.5867,1.5867
PRELP,1.7248,1.5949,1.5586,1.5272,1.518,1.5181,1.5174,1.5172
CO6,1.71,1.3655,1.3143,1.286,1.2778,1.276,1.2754,1.2753
SE6L1,1.6916,1.4454,1.4013,1.4026,1.3955,1.3934,1.3928,1.3926
KCC2A,1.6691,1.4655,1.4296,1.3971,1.3879,1.3949,1.3944,1.3943
ACYP2,1.6676,1.3845,1.3513,1.3293,1.3274,1.3253,1.3249,1.3248
CADH2,1.6589,1.3321,1.2822,1.2529,1.2447,1.2431,1.2426,1.2426
CA2D1,1.637,1.3569,1.3085,1.2814,1.2813,1.2793,1.279,1.2789
OMD,1.632,1.311,1.27,1.2444,1.2446,1.2431,1.2428,1.2426
KV106,1.6226,1.353,1.304,1.2958,1.2908,1.2909,1.2905,1.2904
NPTXR,1.6152,1.2904,1.2665,1.3024,1.2965,1.2964,1.2962,1.296
GLU2B,1.5772,1.2643,1.2194,1.1959,1.1904,1.1887,1.1881,1.188
SCG1,1.5759,1.2859,1.2445,1.2284,1.2214,1.2202,1.2196,1.2194
CO9,1.5717,1.3903,1.3828,1.3521,1.3486,1.3475,1.3468,1.3467
NEUS,1.569,1.3366,1.3649,1.335,1.3316,1.331,1.3304,1.3303
LTBP1,1.5658,1.2613,1.2147,1.1878,1.1805,1.1788,1.1782,1.1782
LAMP2,1.5553,1.2704,1.3108,1.2928,1.2844,1.2828,1.2832,1.283
MDHC,1.5526,1.3259,1.2791,1.3065,1.3036,1.3029,1.3023,1.3022
ITIH1,1.5437,1.4085,1.3793,1.3477,1.3396,1.3421,1.3416,1.3415
PPIC,1.5311,1.2441,1.2054,1.1779,1.1768,1.1756,1.1752,1.1751
PEBP1,1.5307,1.5302,1.4753,1.444,1.4374,1.4353,1.435,1.4349
DCC,1.5285,1.4194,1.4041,1.4071,1.4003,1.3997,1.3991,1.3989
PCDC2,1.5262,1.218,1.1785,1.1764,1.1695,1.1712,1.1707,1.1706
ENDD1,1.5239,1.217,1.2677,1.25,1.2472,1.2461,1.2455,1.2453
EFNB3,1.5161,1.504,1.589,1.5542,1.5526,1.5503,1.5516,1.5514
ACTS,1.5077,1.2054,1.1602,1.1505,1.1437,1.1424,1.1424,1.1423
CBLN4,1.5068,1.2365,1.2935,1.264,1.2824,1.2805,1.2808,1.2808
FSTL5,1.5062,1.2046,1.1621,1.1637,1.1603,1.1588,1.1591,1.159
CNTN2,1.4939,1.2022,1.2071,1.1861,1.1795,1.1777,1.1776,1.1774
PEBP4,1.4865,1.2133,1.1679,1.1436,1.1364,1.1353,1.1347,1.1348
DSG2,1.4731,1.2087,1.1701,1.1436,1.1362,1.1346,1.1343,1.1349
CFAI,1.4656,1.1692,1.1254,1.1044,1.0972,1.1011,1.1006,1.1006
NRX1A,1.4616,1.2436,1.217,1.1891,1.1849,1.1834,1.1829,1.1828
SODE,1.4462,1.1544,1.1162,1.0909,1.095,1.0967,1.0976,1.0977
C1RL,1.4362,1.1975,1.1744,1.2557,1.2537,1.252,1.2516,1.2515
CBG,1.4074,1.2189,1.1733,1.1567,1.1492,1.1495,1.1496,1.1495
PRG4,1.4066,1.1235,1.0817,1.0591,1.0565,1.0586,1.0614,1.0613
PHLD,1.4055,1.1649,1.1281,1.1412,1.1394,1.1377,1.1374,1.1373
FHR2,1.4029,1.1233,1.1941,1.2513,1.2484,1.2466,1.247,1.2468
THBG,1.3933,1.4875,1.4894,1.4554,1.4467,1.4445,1.4439,1.4438
CH3L1,1.38,1.5902,1.5719,1.5395,1.5326,1.5324,1.5319,1.5317
HEMO,1.3694,1.242,1.1973,1.1974,1.1922,1.1927,1.1924,1.1923
CO6A2,1.3657,1.0903,1.0571,1.0531,1.0678,1.0665,1.0663,1.0662
KV37,1.361,1.1839,1.1396,1.1141,1.1071,1.1056,1.105,1.1049
DHPR,1.3528,1.1198,1.0789,1.0676,1.0608,1.0593,1.0587,1.0586
MA1C1,1.3465,1.1391,1.0966,1.1119,1.1088,1.1112,1.1108,1.1107
A1BG,1.344,1.5208,1.5026,1.4694,1.4609,1.4588,1.4583,1.4582
CHRD,1.3405,1.1356,1.0974,1.0726,1.0656,1.0667,1.0677,1.0676
TPP1,1.3381,1.1013,1.0877,1.0679,1.0633,1.0687,1.0683,1.0689
APLP1,1.3359,1.0926,1.1836,1.2479,1.24,1.2387,1.2382,1.2381
EGFLA,1.3309,1.0896,1.0507,1.0273,1.0368,1.0365,1.0361,1.0365
CBPQ,1.3292,1.0735,1.1322,1.1229,1.1157,1.1147,1.1148,1.1149
LTBP4,1.3106,1.1355,1.1044,1.0881,1.0817,1.0809,1.0854,1.0852
DKK3,1.3072,1.044,1.1019,1.1621,1.1575,1.1575,1.1571,1.157
NPC2,1.3032,1.0406,1.0736,1.0495,1.0427,1.0472,1.0495,1.0494
HBB,1.2975,1.0945,1.0607,1.0394,1.0344,1.0329,1.0329,1.0329
C1QA,1.2959,1.0441,1.0062,0.98758,0.98588,0.98707,0.98679,0.98666
SAP3,1.2937,1.0328,1.0789,1.0707,1.0821,1.0805,1.0803,1.0802
TAGL,1.2913,1.0984,1.079,1.0563,1.0859,1.0845,1.0841,1.084
AFAM,1.2905,1.3011,1.2922,1.2679,1.2601,1.2584,1.2578,1.2577
COCA1,1.2886,1.1252,1.1187,1.0997,1.0942,1.093,1.093,1.0929
LV39,1.2825,1.1194,1.0928,1.092,1.0849,1.0836,1.0833,1.0832
PEDF,1.2808,1.0245,1.079,1.0774,1.0704,1.0702,1.0733,1.0732
RELN,1.2737,1.0194,1.1775,1.1517,1.1444,1.1442,1.1443,1.1442
C1QT3,1.2704,1.0186,1.0103,1.0412,1.0353,1.0337,1.0332,1.034
CFAB,1.2678,1.3528,1.307,1.295,1.2885,1.2869,1.2862,1.2861
SAA4,1.2648,1.1357,1.1132,1.1041,1.1039,1.1023,1.1023,1.1022
HV118,1.2637,1.055,1.0168,1.1189,1.1427,1.1422,1.1419,1.1419
AEBP1,1.2615,1.126,1.0953,1.1146,1.1076,1.1077,1.1078,1.1078
CIP4,1.2614,1.4614,1.4189,1.4003,1.4375,1.4364,1.4358,1.4357
COFA1,1.2594,1.09,1.0771,1.0549,1.0527,1.0513,1.0555,1.0553
GDIA,1.2482,1.0105,0.97384,0.96009,0.96084,0.95937,0.95906,0.95893
CLC11,1.2471,1.0068,0.97265,0.95166,0.96831,0.96804,0.96777,0.96774
HBA,1.2452,1.0805,1.0536,1.0297,1.0229,1.0219,1.0219,1.022
HPT,1.2445,1.046,1.0105,1.025,1.0207,1.0205,1.02,1.0201
RNAS4,1.241,1.0149,0.98073,0.9597,0.98585,0.98524,0.98484,0.98472
C4BPA,1.2236,1.1629,1.1318,1.1235,1.117,1.1162,1.1158,1.116
APLP2,1.219,1.1807,1.1476,1.1252,1.1205,1.119,1.1186,1.1185
ALBU,1.2154,1.3079,1.3477,1.3171,1.3148,1.3149,1.3144,1.3143
CNTN6,1.2118,0.98945,0.9614,0.94428,0.94071,0.94174,0.94172,0.9416
LDHB,1.2056,1.2458,1.2399,1.2499,1.2434,1.2423,1.2416,1.2415
SPON1,1.2056,1.0485,1.015,0.99391,0.98951,0.98987,0.99224,0.99211
EPDR1,1.19,0.96412,0.97283,1.0521,1.0547,1.0531,1.0526,1.0525
ICAM5,1.1759,1.1485,1.1485,1.1344,1.136,1.1348,1.1344,1.1342
FGFR2,1.1726,1.0264,0.99164,0.96909,0.96818,0.96881,0.96922,0.96914
TIMP2,1.1719,1.0244,0.99273,0.97847,0.97713,0.97746,0.977,0.97713
PTPRF,1.1705,1.3269,1.2812,1.2627,1.258,1.2566,1.256,1.2559
SGCE,1.1684,1.0221,1.0056,1.0087,1.0063,1.0051,1.0047,1.0046
RTN4R,1.1674,0.96261,0.96239,0.98292,0.9773,0.9766,0.97653,0.9764
CNTP2,1.1561,0.92407,0.89155,0.8866,0.91131,0.91,0.90955,0.90957
IGA2,1.1492,0.91687,0.88673,0.8842,0.89921,0.89889,0.8985,0.89838
LV310,1.1345,0.97331,0.95354,0.94167,0.95268,0.95191,0.95144,0.95131
LV657,1.1272,0.99343,0.97699,0.96302,0.99556,0.99484,0.99478,0.99467
IGK,1.1113,0.89835,0.86809,0.85103,0.86312,0.86187,0.86394,0.86482
FRIL,1.1023,0.95508,0.93903,0.92617,0.92026,0.91938,0.91893,0.91882
NID2,1.0968,1.2141,1.1712,1.152,1.1503,1.1535,1.1533,1.1533
KLKB1,1.0962,1.3237,1.2749,1.2534,1.2453,1.2434,1.2439,1.2438
CAHD1,1.0924,0.9033,0.95816,0.99523,0.98906,0.9879,0.98749,0.98746
FUCO2,1.0892,0.87207,0.84386,0.85753,0.87161,0.87089,0.87046,0.87084
SAP,1.0889,0.87338,0.84562,0.82925,0.83637,0.83753,0.83774,0.83769
TRFE,1.0846,1.2758,1.3143,1.302,1.3103,1.3102,1.3095,1.3094
KNG1,1.0688,1.4122,1.3643,1.3809,1.3746,1.3733,1.3727,1.3726
VWF,1.0654,0.96563,0.96166,0.94249,0.93685,0.9354,0.93494,0.93486
HEXB,1.0574,0.84357,0.83987,0.83904,0.83737,0.83677,0.8365,0.8364
KPYM,1.056,1.1524,1.1901,1.1756,1.1734,1.1716,1.1712,1.1711
SLIK1,1.054,0.84852,0.81685,0.82864,0.83987,0.83886,0.83847,0.83839
FGFR1,1.0524,0.88512,0.85518,0.93566,0.93524,0.93381,0.93347,0.93351
APOB,1.0484,0.86189,0.84505,0.83099,0.82681,0.82813,0.82817,0.82836
H6ST3,1.0464,0.912,0.88391,0.89465,0.89589,0.89455,0.89427,0.89415
NCAN,1.0448,1.006,0.97734,0.9737,0.96835,0.96747,0.96716,0.96712
CO4B,1.0434,1.0126,1.0194,1.0079,1.0013,1.0015,1.0013,1.0015
B4GA1,1.0429,1.1084,1.2908,1.2776,1.2693,1.2676,1.2669,1.2668
CPVL,1.0416,0.85308,0.8273,0.82321,0.8249,0.82366,0.82362,0.82386
C163A,1.0365,0.88953,0.87103,0.85149,0.84943,0.8487,0.85001,0.84989
ROBO1,1.0361,1.2895,1.2979,1.2691,1.2616,1.26,1.2593,1.2593
PTPRZ,1.0358,1.1382,1.1491,1.1249,1.118,1.1163,1.1165,1.1163
KV127,1.0345,1.1001,1.0633,1.0622,1.0571,1.0573,1.057,1.057
MYO6,1.0226,1.0823,1.0469,1.0338,1.0391,1.0411,1.0411,1.0413
MANBA,1.0223,1.0314,1.0041,0.99722,0.99083,0.98971,0.98964,0.98956
NAR3,1.0214,1.3022,1.2713,1.2588,1.2507,1.2489,1.2484,1.2486
FIBG,1.0166,1.1479,1.1135,1.1588,1.1531,1.1524,1.1521,1.152
SODM,1.0166,0.84192,0.83137,0.84035,0.84338,0.84243,0.84207,0.84209
CNTP4,1.0138,0.85469,0.89291,0.87304,0.87359,0.87379,0.875,0.87489
HV349,1.0119,0.96684,0.94452,1.0095,1.004,1.0031,1.0028,1.0026
A2AP,1.005,1.0552,1.0298,1.0208,1.0208,1.0217,1.0213,1.0212
EPHA4,0.99693,0.93463,1.1249,1.1237,1.1164,1.1151,1.1146,1.1145
VTNC,0.99476,1.049,1.0272,1.0428,1.06,1.0612,1.0609,1.0608
MIA,0.98167,0.92515,0.93792,0.91649,0.91199,0.91129,0.91088,0.91084
NEDD1,0.97559,0.78013,0.77976,0.76929,0.77245,0.77128,0.77203,0.77213
RENR,0.96818,1.218,1.1764,1.1673,1.1651,1.1649,1.1647,1.1647
PLD4,0.96656,0.86118,0.83327,0.82054,0.84661,0.84612,0.84571,0.84572
MIME,0.96511,0.94879,1.0529,1.0295,1.0241,1.029,1.029,1.0289
ENPL,0.96497,0.77241,0.79201,0.77441,0.79393,0.79288,0.79398,0.79431
LRP1,0.9602,0.77578,0.74997,0.74693,0.74212,0.74117,0.74513,0.74558
PROS,0.95696,0.97925,1.0095,0.99544,0.98906,0.9882,0.99093,0.99082
SHPS1,0.95626,0.83476,0.82672,0.80905,0.80995,0.81145,0.81172,0.81162
HGFA,0.95268,0.7612,0.77938,0.78446,0.78659,0.78573,0.78556,0.78546
CO8B,0.94638,0.83934,0.80924,0.83227,0.82828,0.8281,0.82814,0.82826
CHAD,0.94404,1.0384,0.99953,0.97792,0.98565,0.98432,0.98408,0.98404
PIMT,0.9412,0.94833,0.92499,0.9713,0.96579,0.96688,0.96724,0.96775
GUAD,0.93306,0.74679,0.72113,0.70481,0.70044,0.70511,0.70484,0.70539
CD166,0.92953,1.2939,1.3172,1.2965,1.2985,1.2975,1.2975,1.2973
HV315,0.92566,0.76428,0.80261,0.791,0.79137,0.79265,0.79232,0.79221
ASPG,0.92538,0.90321,0.89332,0.89392,0.90918,0.90876,0.9086,0.90849
LTBP2,0.92132,0.73513,0.72276,0.75666,0.75391,0.75647,0.75712,0.7571
AP2B1,0.9201,0.75101,0.72667,0.7185,0.72754,0.72645,0.72634,0.72666
ENPP2,0.91117,1.0697,1.0302,1.0279,1.0215,1.0281,1.0287,1.0288
SAMP,0.90806,1.0737,1.0341,1.0389,1.0428,1.0416,1.0416,1.0415
ITIH5,0.90343,0.72393,0.80832,0.8432,0.84429,0.84386,0.84542,0.84556
MA1A1,0.90326,0.77555,0.76085,0.80142,0.82234,0.82439,0.82588,0.82581
COEA1,0.90137,0.93777,0.90484,0.89901,0.8951,0.89377,0.89469,0.89503
CA2D2,0.90092,0.94812,0.97226,1.0106,1.0151,1.0161,1.0156,1.0155
IGSF8,0.89926,1.1673,1.1261,1.1003,1.0933,1.0936,1.093,1.0929
ERAP1,0.89849,0.74961,0.76177,0.75234,0.74824,0.74719,0.74691,0.74722
VTM2A,0.8981,1.3282,1.3181,1.323,1.3162,1.3184,1.3178,1.3177
MMP2,0.89501,1.1685,1.1682,1.1471,1.1424,1.1408,1.1403,1.1402
IGL1,0.89463,0.71871,0.75647,0.88727,0.88698,0.88822,0.88814,0.88803
PTPRS,0.89396,0.86831,0.84842,0.88169,0.88742,0.88613,0.88723,0.88743
FIBB,0.88592,1.0882,1.0567,1.0993,1.0973,1.0978,1.0973,1.0972
FA12,0.87921,1.1348,1.1134,1.1161,1.1104,1.1091,1.1094,1.1093
LAMA2,0.8734,0.69693,0.67221,0.66335,0.66175,0.66198,0.66234,0.66226
A2MG,0.87099,0.86995,1.1936,1.1791,1.1719,1.1709,1.1705,1.1704
KVD16,0.8583,0.68557,0.66025,0.73831,0.73532,0.73437,0.7344,0.73489
CATZ,0.85514,1.164,1.1249,1.1136,1.1063,1.1181,1.1178,1.1177
SFRP3,0.85458,1.1238,1.0832,1.124,1.1217,1.1221,1.1221,1.1219
OMGP,0.84926,0.67768,0.65322,0.63873,0.63546,0.63488,0.63484,0.63478
HABP2,0.84897,0.77786,0.76323,0.74847,0.75008,0.75132,0.75115,0.75107
HV169,0.84895,0.77498,0.748,0.73568,0.75576,0.75749,0.7582,0.7584
NCHL1,0.84544,0.69267,0.83815,0.83029,0.82496,0.82387,0.82348,0.82338
MLEC,0.8454,0.96761,0.96502,0.94294,0.94171,0.9459,0.94708,0.94701
LYSC,0.84377,1.1618,1.1206,1.0955,1.0887,1.0894,1.0889,1.089
CYTM,0.83993,0.72604,0.74694,0.77584,0.78517,0.78541,0.78517,0.7853
APOH,0.83779,0.81704,0.82015,0.87189,0.92773,0.92664,0.92646,0.92634
ATRN,0.83456,1.092,1.0603,1.0389,1.0334,1.0318,1.0314,1.0314
IC1,0.83118,1.1711,1.1783,1.1525,1.1511,1.1507,1.1509,1.1508
MFGM,0.82148,0.75492,0.74006,0.76301,0.76065,0.7595,0.75958,0.75975
EPHAA,0.81811,0.6582,0.66068,0.7193,0.71465,0.72437,0.72405,0.72404
ITIH2,0.81135,1.2825,1.2588,1.2428,1.2348,1.2337,1.2331,1.2334
PGRP2,0.81013,0.93052,0.94537,0.94384,0.9382,0.93698,0.93713,0.93719
LV147,0.80932,0.82185,0.79542,0.82214,0.83975,0.83845,0.83828,0.83817
CO1A2,0.80819,1.0029,0.96959,1.0024,0.99948,0.99816,0.99835,0.9983
ENOG,0.80712,0.99955,0.96482,0.95224,0.94663,0.94765,0.94752,0.94746
PRDX2,0.80582,0.77949,0.76672,0.8089,0.8039,0.80778,0.80787,0.8078
GNPTG,0.80539,0.80927,0.78894,0.77628,0.77484,0.77561,0.7753,0.77551
ADIPO,0.80487,0.65789,0.63402,0.65512,0.67868,0.68727,0.68925,0.68972
ANGI,0.80195,0.64695,0.6227,0.61664,0.62019,0.61923,0.61954,0.61947
HBD,0.79783,1.0773,1.0612,1.054,1.0471,1.0465,1.0467,1.0469
CADH6,0.79514,0.89243,0.86058,0.84247,0.8385,0.83752,0.83741,0.8373
NTRK2,0.79466,1.0515,1.0423,1.0239,1.0173,1.0164,1.018,1.018
PLTP,0.79458,0.95671,0.99406,0.97243,0.96996,0.96887,0.97259,0.97286
TSP4,0.79366,0.81074,0.78075,0.76366,0.7594,0.76324,0.76301,0.76294
RET4,0.79237,1.1992,1.1588,1.1669,1.17,1.1683,1.1678,1.168
GLYLB,0.79175,1.5342,1.4773,1.4486,1.4391,1.4378,1.4371,1.437
KVD37,0.78996,0.67835,0.669,0.88334,0.87776,0.87722,0.87775,0.87765
CAH4,0.78752,0.86791,0.83861,0.81975,0.81508,0.81472,0.81483,0.81483
GLDN,0.78751,0.87737,0.84895,0.85528,0.85055,0.84944,0.84902,0.85009
GALT2,0.78451,1.0357,1.0004,0.98193,0.97864,0.97762,0.97714,0.97701
MYDGF,0.78288,0.6378,0.61708,0.62652,0.62503,0.62462,0.62524,0.62539
IPSP,0.78047,1.2009,1.158,1.1443,1.1369,1.1354,1.1358,1.1357
G6PI,0.77461,0.72463,0.74744,0.7887,0.78986,0.79955,0.79978,0.79977
PZP,0.77369,0.86515,0.8728,0.85831,0.86658,0.86774,0.86731,0.86736
MA2A1,0.7659,0.61143,0.60951,0.5959,0.66339,0.66246,0.66493,0.66489
IGHG3,0.76571,0.66097,0.64811,0.70563,0.70241,0.702,0.70306,0.70357
NPTX1,0.76254,0.61245,0.81961,0.80087,0.79598,0.79746,0.79766,0.79757
PTPRG,0.75773,0.61423,0.65995,0.64485,0.6445,0.64377,0.64424,0.6448
MINP1,0.74954,0.90548,0.87214,0.86838,0.8628,0.86175,0.86315,0.86304
IGHA1,0.74928,0.98432,0.94765,1.0099,1.0295,1.0283,1.0311,1.0311
LV223,0.74876,0.65383,0.67931,0.66666,0.67528,0.67462,0.67436,0.67429
SEM6D,0.74749,0.67775,0.66163,0.65483,0.65237,0.65817,0.65947,0.65963
TSP1,0.74647,0.70858,0.68222,0.66815,0.72415,0.72305,0.72466,0.72578
SPB6,0.74117,0.98861,0.95173,0.94204,0.93588,0.93445,0.9358,0.93567
LV151,0.73713,0.62006,0.59922,0.648,0.65343,0.65608,0.65583,0.65583
FA5,0.73078,0.62994,0.63964,0.65278,0.64954,0.65338,0.65452,0.65453
LV208,0.72933,0.66554,0.68111,0.6699,0.66637,0.66564,0.66545,0.66652
PXDC2,0.72768,0.63294,0.6467,0.63264,0.64048,0.64046,0.64101,0.64118
LDHA,0.72083,1.2387,1.2097,1.1984,1.1978,1.1969,1.1963,1.1962
AATM,0.71489,0.5802,0.56431,0.56816,0.58741,0.58728,0.58699,0.58749
LAMC1,0.71317,1.0138,1.0124,1.0058,1.0103,1.0103,1.0105,1.0105
LV746,0.70998,0.71166,0.70896,0.69312,0.71539,0.71459,0.71513,0.71546
LMAN2,0.70372,0.8826,0.90188,0.91467,0.91298,0.91166,0.91129,0.91121
PARK7,0.69899,0.88846,0.86217,0.84691,0.84238,0.84108,0.84069,0.84073
HEXA,0.6965,0.66353,0.63903,0.79791,0.82456,0.82461,0.82437,0.8243
CFAH,0.67832,0.81589,0.95512,1.0035,1.0125,1.0122,1.0131,1.0129
FETUB,0.67403,0.59979,0.73697,0.79188,0.79246,0.79236,0.79212,0.79303
LCAT,0.67381,0.58361,0.77896,0.82437,0.82317,0.82205,0.82165,0.82154
HLAB,0.67138,0.61055,0.58913,0.62247,0.6191,0.61833,0.61804,0.61874
PCOC1,0.66993,1.2314,1.3055,1.2767,1.2704,1.2708,1.2703,1.2702
CD109,0.66891,0.7899,0.76317,0.74667,0.75445,0.75368,0.75361,0.75351
CO8A,0.6687,1.1278,1.1127,1.0945,1.0905,1.0893,1.089,1.0892
CMGA,0.66018,0.53747,0.51826,0.50983,0.52884,0.52888,0.52954,0.5301
LYAM1,0.65921,0.69378,0.67433,0.66013,0.66319,0.6659,0.66799,0.66869
APOD,0.65674,0.62251,0.64772,0.65728,0.65569,0.6556,0.65633,0.65625
CALR,0.64947,1.4424,1.4371,1.405,1.4008,1.3987,1.398,1.3979
XYLT1,0.64327,0.96986,1.0835,1.1054,1.099,1.0996,1.0994,1.0994
IGD,0.64238,1.2801,1.2355,1.2136,1.2074,1.2065,1.2066,1.2065
B2MG,0.64231,1.0418,1.0489,1.0368,1.0302,1.0296,1.0293,1.0292
CO3A1,0.64058,0.8255,0.82668,0.86877,0.86333,0.86218,0.86176,0.86214
PTGDS,0.64006,1.0621,1.091,1.1321,1.1431,1.1424,1.1418,1.1417
C1QB,0.63739,0.52714,0.5904,0.63127,0.63432,0.6343,0.63442,0.63434
LV140,0.63269,0.52648,0.58692,0.57844,0.57803,0.57805,0.57797,0.57797
TETN,0.62823,0.5012,0.86154,0.8433,0.83779,0.83811,0.83905,0.83895
CO8G,0.61279,0.62862,0.60815,0.62834,0.66503,0.66538,0.66614,0.66622
SE6L2,0.60217,0.75323,0.72843,0.71977,0.71817,0.71733,0.71697,0.7169
1433Z,0.59935,0.52297,0.6178,0.66413,0.65978,0.65879,0.65951,0.66009
FAT2,0.59714,0.49626,0.47767,0.49234,0.49447,0.52027,0.52003,0.51998
TENX,0.59315,0.47623,0.52419,0.53102,0.5781,0.58531,0.58506,0.58498
MOES,0.59022,0.94178,0.95178,0.95449,0.95273,0.95472,0.95572,0.95563
DNER,0.58986,0.49064,0.47227,0.51757,0.52222,0.52658,0.52664,0.52659
FINC,0.58211,0.97285,1.1482,1.134,1.1271,1.1271,1.1272,1.1272
IGHG2,0.58091,0.55334,0.5657,0.58701,0.62424,0.62619,0.62734,0.62828
LSAMP,0.57976,0.5227,0.61575,0.63176,0.63811,0.6373,0.63711,0.63709
RL24,0.57963,0.59378,0.63484,0.62128,0.63372,0.6342,0.63523,0.63519
CP089,0.57068,0.88774,0.87367,0.85865,0.87033,0.86906,0.86873,0.86867
CSF1R,0.56673,0.52254,0.68948,0.75148,0.75249,0.75257,0.75223,0.75213
CATS,0.5659,0.50575,0.49336,0.4916,0.49478,0.49402,0.49455,0.49491
FSTL4,0.56279,0.74172,0.71403,0.75062,0.74776,0.75383,0.75366,0.7543
1433G,0.56243,1.1155,1.0868,1.0916,1.1146,1.1131,1.1125,1.1124
CO2,0.55458,1.2086,1.1773,1.1525,1.1459,1.151,1.1507,1.1506
IMPA3,0.55376,0.46872,0.46806,0.50108,0.50464,0.50392,0.50412,0.50457
CATB,0.5537,0.56104,0.66475,0.65206,0.65249,0.65159,0.65208,0.65226
CNTN1,0.55333,1.2005,1.2592,1.2527,1.2455,1.2435,1.243,1.2429
CCKN,0.55016,0.77562,0.74762,0.73968,0.75708,0.75741,0.75776,0.75793
CNTFR,0.54834,0.59435,0.65631,0.65948,0.65827,0.66148,0.66158,0.66152
GGCT,0.54743,0.47847,0.47656,0.46582,0.52638,0.52593,0.5259,0.52696
CO6A1,0.54575,0.70059,0.77695,0.81856,0.81334,0.81229,0.81211,0.81204
CFAD,0.54251,0.60974,0.60512,0.59201,0.59239,0.59283,0.59257,0.59264
MGP,0.53715,0.64786,0.65456,0.66795,0.66445,0.66348,0.66345,0.66347
CYC,0.53666,0.52701,0.61154,0.59929,0.59703,0.59614,0.59586,0.59687
ENOA,0.53655,1.3318,1.2825,1.2861,1.2782,1.2764,1.2765,1.2763
THY1,0.53526,1.0831,1.1078,1.0982,1.0911,1.0895,1.0895,1.0896
HPRT,0.52819,1.3349,1.2914,1.3064,1.2982,1.2984,1.2998,1.2996
DPP6,0.52413,0.4449,0.47011,0.48663,0.51105,0.51256,0.51503,0.51541
KV133,0.5229,0.55405,0.64355,0.674,0.67733,0.67629,0.67602,0.676
LV327,0.5182,0.42659,0.46283,0.6164,0.61268,0.61456,0.61472,0.6152
PLMN,0.51575,1.289,1.2581,1.2704,1.2673,1.2654,1.265,1.2651
PGAM1,0.51513,0.92881,0.90179,0.90453,0.89971,0.90172,0.9013,0.90137
SBP1,0.51426,0.9716,0.9577,0.99575,0.99075,0.99108,0.99154,0.99145
G3P,0.51288,1.0235,1.0079,1.0088,1.0062,1.0051,1.0052,1.0051
CAH1,0.50989,0.72635,0.82412,0.81471,0.849,0.85023,0.85164,0.85155
SERC,0.50879,0.47578,0.5327,0.59677,0.599,0.60092,0.60067,0.60059
PGBM,0.50655,1.1828,1.1427,1.1206,1.1169,1.1152,1.1151,1.115
KLK6,0.50622,0.54043,0.66461,0.70573,0.70722,0.70679,0.7124,0.71266
COL12,0.50492,0.89423,0.87117,0.85367,0.8485,0.84733,0.84734,0.84731
CO1A1,0.50369,0.63546,0.64752,0.71987,0.71618,0.71855,0.71824,0.71814
CD14,0.50346,1.2,1.2604,1.2317,1.2237,1.2221,1.2216,1.2214
CNTN4,0.50068,0.65247,0.66688,0.65954,0.65537,0.65637,0.6561,0.65619
PKDRE,0.49965,0.45083,0.45366,0.44505,0.44488,0.45322,0.453,0.45361
FCGBP,0.49328,0.70842,0.701,0.69706,0.69253,0.70582,0.70552,0.70559
IGHM,0.49326,0.41381,0.39858,0.3898,0.40553,0.43801,0.43783,0.43791
CATO,0.48747,0.5309,0.51746,0.56976,0.56608,0.57615,0.57873,0.5788
CADM4,0.48336,0.73047,0.86575,0.85414,0.85108,0.85077,0.85131,0.85166
SORT,0.48224,0.39911,0.47072,0.46591,0.49661,0.50789,0.50837,0.50835
COIA1,0.48196,0.45761,0.49846,0.49848,0.49761,0.50613,0.51039,0.51036
CO7,0.47524,1.2363,1.1971,1.1714,1.1639,1.1622,1.1616,1.1618
PTPRD,0.47501,0.90428,0.87053,0.87925,0.92692,0.92608,0.92671,0.92667
LAMP1,0.47283,0.37773,0.36864,0.4255,0.455,0.45434,0.45481,0.45564
RGMB,0.47182,0.69097,0.702,0.71213,0.70948,0.70951,0.70918,0.71064
CO4A,0.47131,0.63412,0.61041,0.69002,0.71454,0.71401,0.71391,0.71464
ECM1,0.47111,0.45889,0.86879,0.84893,0.8471,0.84615,0.84607,0.84601
FA10,0.4615,0.73008,0.72181,0.71807,0.73475,0.73382,0.73348,0.73379
ITIH3,0.46078,0.42412,0.55632,0.583,0.58441,0.58571,0.58583,0.58576
NTRI,0.46069,0.53572,0.83904,0.88673,0.88143,0.88026,0.87982,0.87982
L1CAM,0.46034,0.85869,0.85509,0.9025,0.89678,0.89591,0.89685,0.89673
NNRE,0.46009,0.36886,0.36784,0.36531,0.36383,0.36337,0.37134,0.37153
NCAM2,0.4579,0.38686,0.70647,0.6903,0.68796,0.68729,0.68698,0.68714
KV230,0.45545,0.61671,0.60022,0.59921,0.59572,0.59976,0.60182,0.60178
A4,0.45466,0.96414,1.0122,1.0358,1.029,1.0282,1.0277,1.0276
PLXB1,0.45131,0.58201,0.58158,0.61094,0.64489,0.64422,0.64449,0.64508
RNAS1,0.44986,0.36201,0.81467,0.8077,0.821,0.82032,0.82193,0.82187
GSTP1,0.4456,0.98898,0.95988,0.94074,0.94086,0.94308,0.94364,0.94359
NRX2A,0.43926,0.38627,0.56008,0.67128,0.67431,0.67403,0.67395,0.67449
VASN,0.43896,0.73452,0.89329,0.89042,0.89776,0.89666,0.89641,0.89634
HEP2,0.43587,1.8768,1.8098,1.7973,1.7873,1.7853,1.7845,1.7843
VTM2B,0.43173,0.39258,0.38069,0.37767,0.41752,0.42001,0.42015,0.42009
GAS6,0.43024,0.73592,0.72673,0.71542,0.73082,0.73228,0.73192,0.73191
SEZ6,0.42708,0.49323,0.47552,0.48763,0.4865,0.49342,0.49318,0.4932
NRP1,0.4205,0.39757,0.38342,0.37654,0.37411,0.37363,0.37488,0.37641
SIAE,0.41892,0.70521,0.85256,0.90018,0.89434,0.89595,0.89562,0.89559
HV551,0.41867,1.09,1.1353,1.1317,1.135,1.1349,1.1344,1.1344
APOE,0.40993,0.62534,0.75999,0.83349,0.85031,0.85026,0.84984,0.84987
PDXL2,0.40315,0.3338,0.3556,0.34815,0.34623,0.34756,0.3475,0.34754
PCP,0.3971,0.37881,0.36795,0.66053,0.66083,0.66282,0.66255,0.66274
LRC4B,0.38982,0.3721,0.48299,0.49355,0.50846,0.51218,0.51194,0.51188
ANGT,0.38893,0.31048,0.6836,0.6842,0.67973,0.67868,0.67866,0.67872
PMGT1,0.38675,0.90844,0.88183,0.87341,0.86975,0.87011,0.86976,0.86967
DIAC,0.3795,0.31849,0.30655,0.30184,0.31199,0.33259,0.33253,0.33358
GGH,0.37776,0.39483,0.39993,0.46316,0.46367,0.46306,0.46284,0.46368
ALDOA,0.37599,0.71851,0.69188,0.69815,0.69475,0.69446,0.69444,0.69436
KV113,0.37372,0.50872,0.49011,0.58109,0.64215,0.64553,0.64612,0.64643
FBLN1,0.37364,0.33121,0.75491,0.76,0.75527,0.75778,0.75756,0.75756
IL6RB,0.37347,0.29993,0.29771,0.30913,0.34587,0.3454,0.34746,0.34795
CLUS,0.37343,0.35533,0.68887,0.7849,0.7815,0.78032,0.78006,0.77997
CATD,0.37111,0.30106,0.42248,0.4992,0.51195,0.53094,0.53269,0.53323
LG3BP,0.36574,0.4471,0.61907,0.71106,0.70642,0.70638,0.70768,0.70772
CBR1,0.36356,0.7386,0.71291,0.70245,0.70214,0.70334,0.70403,0.70439
PGK1,0.36257,0.57042,0.64982,0.64476,0.64067,0.64324,0.64369,0.64474
RNT2,0.36088,0.2941,0.28976,0.5643,0.57252,0.57165,0.57231,0.5734
CADM2,0.35759,0.31786,0.40194,0.39356,0.40495,0.40492,0.40481,0.40503
KVD28,0.35659,0.4323,0.58396,0.57092,0.57493,0.57404,0.57376,0.57375
AMD,0.35273,0.92669,0.98856,0.99866,0.99432,0.99291,0.99243,0.99232
GPC1,0.35049,0.8248,0.79833,0.7913,0.78896,0.78852,0.78813,0.78833
DPP2,0.34919,0.44178,0.54704,0.55962,0.56381,0.56585,0.56557,0.56556
MA2A2,0.34728,0.31519,0.52154,0.53886,0.54046,0.54257,0.54426,0.54421
CANT1,0.34559,0.29008,0.31022,0.30332,0.34366,0.36977,0.36962,0.36961
WFKN2,0.34557,0.44348,0.43939,0.43028,0.43723,0.44381,0.4437,0.44377
WBP2,0.34336,0.34436,0.4227,0.44912,0.47379,0.47316,0.47356,0.47355
OPCM,0.3369,0.65458,0.71284,0.70676,0.70216,0.70118,0.70154,0.70173
KVD29,0.33591,0.87146,0.85042,0.8422,0.83676,0.8429,0.84451,0.8444
RS27A,0.33544,0.66619,0.65625,0.64547,0.6853,0.68954,0.68954,0.6898
CNTP5,0.33065,0.75006,0.79204,0.78207,0.78094,0.78819,0.78781,0.78771
SEM7A,0.32787,1.2641,1.2758,1.2477,1.2396,1.2388,1.2386,1.2384
CBLN3,0.3268,0.71157,0.72625,0.74314,0.73828,0.74342,0.74392,0.74384
IGLC2,0.32069,0.2678,0.27261,0.31634,0.32081,0.32459,0.32445,0.32469
CATF,0.31907,0.8773,0.84521,0.84556,0.84137,0.84679,0.84689,0.84678
HV372,0.31824,0.63245,0.60874,0.84762,0.84211,0.84088,0.84163,0.84152
LUM,0.31622,0.74392,0.7866,0.76937,0.76459,0.76344,0.76409,0.7646
BTD,0.31453,0.81414,0.86166,0.92803,0.9225,0.92158,0.92113,0.92111
HV374,0.31084,0.90335,0.86954,0.86125,0.87702,0.87572,0.8753,0.87518
PRIO,0.30995,0.93453,0.90159,0.93921,0.93307,0.93191,0.93352,0.93401
GPX3,0.30008,0.30784,0.32756,0.32286,0.34689,0.34736,0.34729,0.34737
NCAM1,0.29899,0.24885,0.24887,0.28536,0.33909,0.34862,0.34927,0.34924
PPIB,0.29663,0.57072,0.55543,0.56733,0.57475,0.57419,0.57592,0.57587
GFRA2,0.29463,0.27273,0.26499,0.32801,0.34742,0.34692,0.34759,0.34758
TPIS,0.29236,0.28345,0.27551,0.2699,0.34079,0.34207,0.34215,0.34221
AGRB1,0.2898,0.28031,0.31794,0.44373,0.47286,0.47275,0.47252,0.4725
VTDB,0.28766,1.4072,1.3545,1.3859,1.3803,1.3783,1.3776,1.3774
ALDOC,0.28637,0.23039,0.41071,0.41675,0.42653,0.42607,0.42587,0.42605
NLGN2,0.2846,0.38627,0.58085,0.64486,0.65817,0.6574,0.65763,0.6592
SRPX,0.28047,0.42851,0.51617,0.55647,0.56488,0.56509,0.56485,0.56478
APOC2,0.27576,0.48646,0.47812,0.47349,0.48829,0.49144,0.49188,0.49182
IMPA1,0.27511,0.43931,0.42323,0.42319,0.43548,0.44346,0.44399,0.44402
VCAM1,0.27426,0.72666,0.80989,0.79379,0.7895,0.78837,0.78845,0.78873
FBLN3,0.27425,0.35968,0.85641,0.83833,0.8334,0.83372,0.83332,0.83322
MDGA1,0.27114,0.80184,0.79151,0.79659,0.79958,0.80982,0.81032,0.81034
CNDP1,0.26522,0.65784,0.91532,0.91094,0.90608,0.90469,0.90426,0.90421
FAM3C,0.26317,0.21614,0.59498,0.64743,0.64354,0.64299,0.64632,0.64629
PLD3,0.26041,0.59674,0.59948,0.59153,0.59013,0.59015,0.59026,0.59025
LV861,0.25501,0.87786,0.84789,0.8346,0.82927,0.83068,0.83112,0.83149
SHBG,0.25262,1.0454,1.0074,0.99895,0.99358,0.99259,0.99229,0.99253
FRS1L,0.25005,0.82468,0.90868,1.0263,1.0234,1.0219,1.0217,1.0216
NFASC,0.24728,0.28624,0.35701,0.37069,0.36829,0.36992,0.37125,0.37122
AGRIN,0.24686,0.89807,0.89615,0.92603,0.92051,0.92143,0.92099,0.92088
CYTC,0.24459,0.6241,0.70218,0.70473,0.70034,0.70262,0.70234,0.70235
FBLN4,0.24398,0.22891,0.48129,0.47135,0.48215,0.48522,0.48516,0.48525
CEMIP,0.24289,0.81525,0.83615,0.8174,0.81254,0.81168,0.81139,0.81128
APOA2,0.24235,0.35436,0.37726,0.38171,0.40439,0.41414,0.41629,0.41742
TRY1,0.24063,0.21483,0.22933,0.24756,0.34856,0.36984,0.37543,0.37597
PPN,0.2362,0.22577,0.22451,0.21946,0.40763,0.40747,0.40984,0.40986
CATL1,0.23174,0.67374,0.66755,0.79142,0.78798,0.7876,0.7873,0.78732
LEG7,0.22784,0.75678,0.78044,0.77045,0.78578,0.78475,0.78457,0.78492
CALB1,0.22779,0.18339,0.25676,0.33526,0.39501,0.39441,0.39478,0.39493
FIBA,0.2276,1.1226,1.0879,1.1098,1.106,1.1074,1.1069,1.1067
TCO2,0.22394,0.67413,0.65863,0.67509,0.67175,0.6719,0.67158,0.6715
MEGF8,0.22394,0.62114,0.63398,0.63638,0.63562,0.6444,0.64439,0.64432
CAD15,0.22297,0.26324,0.26313,0.27016,0.28336,0.28293,0.28289,0.28287
CAD13,0.22087,0.66944,0.74596,0.73812,0.73336,0.7339,0.73355,0.73349
AATC,0.2147,0.67835,0.65877,0.74452,0.74263,0.74281,0.74272,0.74263
GELS,0.21127,1.3352,1.3338,1.3046,1.3004,1.2985,1.2983,1.2982
CRAC1,0.21066,0.77775,0.8963,0.8844,0.87904,0.87955,0.88,0.88001
SEM3G,0.20997,0.24448,0.34805,0.34058,0.34053,0.34574,0.34571,0.34657
MUC18,0.20892,0.16916,0.18673,0.25852,0.27398,0.28905,0.28929,0.29193
MFAP4,0.20748,0.16557,0.27654,0.32602,0.32438,0.32397,0.32415,0.32413
CD048,0.20505,0.55295,0.53319,0.65385,0.6669,0.66676,0.66646,0.66647
FMOD,0.20146,0.31826,0.31395,0.3454,0.35749,0.3607,0.36093,0.36097
CO4A2,0.19835,0.19216,0.36544,0.38506,0.40597,0.41348,0.41337,0.41344
OSTP,0.19636,0.99855,0.9664,1.0771,1.0787,1.0772,1.0766,1.0766
CRP,0.18929,0.3129,0.30913,0.32006,0.32036,0.32067,0.32255,0.32323
TSP2,0.18496,0.29036,0.28656,0.31735,0.31608,0.33467,0.33489,0.33608
CD44,0.18425,0.51863,0.66627,0.67106,0.67332,0.67312,0.67589,0.67582
FBLN5,0.18403,0.76651,0.73886,0.81238,0.80708,0.81096,0.81063,0.81074
IGJ,0.18212,0.33247,0.39764,0.40597,0.41691,0.41633,0.4189,0.41885
NDRG2,0.17109,0.60123,0.59228,0.62205,0.62044,0.62542,0.62549,0.62611
IGG1,0.1705,0.87274,0.84408,0.90881,0.91717,0.91628,0.91609,0.91598
BGH3,0.1653,0.49483,0.64677,0.6333,0.64074,0.64049,0.64019,0.64017
CO3,0.16151,1.9054,1.834,1.7992,1.788,1.7853,1.7845,1.7842
CO5,0.16122,0.9113,0.87749,0.91326,0.91663,0.91573,0.91549,0.91539
NRCAM,0.16062,0.14138,0.7533,0.78413,0.77927,0.78008,0.78006,0.77996
PROF1,0.15625,0.19887,0.31562,0.48315,0.48488,0.49195,0.49177,0.49207
SEPP1,0.14752,0.31235,0.30564,0.33237,0.35569,0.36156,0.36343,0.36355
CBPE,0.14665,0.56948,0.67481,0.82288,0.83101,0.8298,0.83052,0.83042
LV218,0.14533,0.69391,0.6691,0.71617,0.71695,0.71759,0.71724,0.71726
PI16,0.14508,0.18833,0.26547,0.3499,0.35817,0.35763,0.35746,0.35805
SPRC,0.14314,0.17364,0.17562,0.30032,0.31286,0.32821,0.32805,0.33101
APOC1,0.14231,0.80917,0.81542,0.80728,0.80478,0.80363,0.80488,0.80479
SODC,0.13582,1.0056,0.96898,0.94807,0.94187,0.94044,0.94002,0.94019
HV434,0.13569,0.60825,0.58994,0.65661,0.66767,0.6668,0.6672,0.66715
MRC2,0.13323,0.37672,0.38658,0.43283,0.43146,0.43127,0.43119,0.43157
NRX3A,0.12843,0.7697,0.74804,0.74577,0.74112,0.74132,0.74108,0.74133
QSOX1,0.12797,1.3304,1.2898,1.2854,1.2773,1.2754,1.2748,1.2747
KV401,0.12455,0.91165,0.91854,0.92988,0.93143,0.93468,0.93511,0.93499
CATH,0.12314,0.2309,0.25607,0.29349,0.29176,0.29715,0.29814,0.29919
AACT,0.11877,1.3582,1.3171,1.2885,1.2813,1.2797,1.2799,1.2797
EXTL2,0.11403,0.79869,0.7688,0.75179,0.74803,0.74692,0.74674,0.74665
CSTN3,0.11298,0.093395,0.19696,0.35483,0.40314,0.41139,0.41129,0.41129
A1AT,0.11225,1.1392,1.1152,1.0929,1.0934,1.0924,1.0919,1.0919
FBN1,0.10946,0.5929,0.57409,0.57006,0.56651,0.57143,0.57389,0.57383
C1R,0.10852,1.117,1.1486,1.1275,1.122,1.1208,1.1206,1.1206
LV321,0.10758,0.87837,0.90262,0.883,0.89103,0.88978,0.88937,0.88926
R4RL2,0.1075,1.2246,1.1828,1.1562,1.1496,1.1482,1.1476,1.1475
THRB,0.10726,0.95131,0.9157,0.98055,0.99435,0.99345,0.99363,0.9935
KCC2B,0.09384,0.19842,0.25201,0.29075,0.35389,0.3535,0.35335,0.35333
T132A,0.090354,0.40953,0.39936,0.41932,0.41665,0.4167,0.41747,0.41746
ECM2,0.090053,0.33985,0.42833,0.41898,0.42024,0.42034,0.42015,0.42023
LV136,0.087456,0.43105,0.44647,0.46205,0.46114,0.48431,0.48522,0.48532
CSTN1,0.086469,0.56051,0.89167,0.88643,0.88886,0.88781,0.88751,0.8874
DAG1,0.08613,0.237,0.22955,0.23854,0.3337,0.35233,0.35216,0.35214
TIMP1,0.085351,1.0584,1.0512,1.0522,1.0464,1.0453,1.0464,1.0463
MGAT1,0.082859,0.3548,0.35469,0.47917,0.47613,0.47678,0.47718,0.47752
NEGR1,0.082143,1.0971,1.086,1.1053,1.1044,1.1034,1.1045,1.1044
CO6A3,0.079953,0.80919,0.816,0.81369,0.80973,0.80867,0.80852,0.8085
SNED1,0.071901,0.32405,0.31193,0.30664,0.3599,0.37632,0.3762,0.37621
RARR2,0.071614,0.15863,0.25363,0.27154,0.28979,0.29378,0.29416,0.29418
BIP,0.071241,0.69003,0.66418,0.64931,0.64692,0.64619,0.64637,0.64628
ACTG,0.06973,0.51012,0.57924,0.57857,0.62831,0.62794,0.63116,0.63108
KV224,0.067851,0.24599,0.24216,0.24354,0.24358,0.24333,0.24323,0.24649
ANXA2,0.06649,0.12745,0.19693,0.497,0.49386,0.49458,0.49437,0.49466
LAMB2,0.065104,0.59687,0.57452,0.56249,0.56894,0.58357,0.58402,0.58395
LAMB1,0.057467,0.67981,0.70833,0.78487,0.78685,0.78564,0.78616,0.78608
QPCT,0.052756,0.74403,0.72379,0.78094,0.7841,0.78325,0.78294,0.78287
IGHG4,0.052126,0.19323,0.18777,0.39393,0.41137,0.41108,0.41209,0.41248
CADM3,0.051326,0.81211,0.85569,0.84725,0.88125,0.88206,0.8824,0.8823
CNTN3,0.047071,0.41112,0.4758,0.51918,0.58371,0.58312,0.58285,0.58316
SEM4B,0.041855,0.30188,0.50952,0.5415,0.55009,0.55376,0.55378,0.55417
IBP4,0.041654,0.199,0.39052,0.4888,0.49345,0.50221,0.502,0.50214
NELL2,0.040976,0.53688,0.8682,0.87467,0.86898,0.87101,0.87165,0.87157
KVD21,0.037279,0.11807,0.22734,0.23268,0.23394,0.23839,0.23835,0.24001
KV320,0.036256,0.73376,0.75565,0.73949,0.73873,0.73763,0.73836,0.73827
ISLR,0.032501,0.32228,0.31668,0.31748,0.31644,0.32273,0.32312,0.32309
MRC1,0.031521,1.1439,1.1827,1.1668,1.1625,1.1608,1.1603,1.1602
CD59,0.030551,0.03077,0.15078,0.15275,0.36787,0.37675,0.37656,0.37726
PGCB,0.030087,0.60088,0.87946,0.85933,0.85482,0.85443,0.85693,0.85684
CSPG4,0.029057,0.54153,0.58201,0.633,0.64204,0.64292,0.64261,0.64267
C1S,0.028835,0.59338,0.81794,0.83539,0.83478,0.83351,0.83315,0.8331
CD248,0.018311,0.18476,0.21946,0.23328,0.29603,0.2984,0.29831,0.29914
HV323,0.016086,0.64003,0.66129,0.69273,0.68845,0.68955,0.68923,0.68914
IBP2,0.012648,0.59643,0.72354,0.75461,0.75751,0.76076,0.76473,0.76491
KAIN,0.0058791,1.3534,1.3115,1.3282,1.3196,1.3188,1.3183,1.3182
SCG3,0.0047501,0.33423,0.34636,0.33943,0.35739,0.3612,0.36112,0.36162
