IBP7,APOH,RNAS1,HEMO,CD048,FINC,CIP4,TTHY,APOD,KNG1,C1S,FETUA,PLTP,1433G,GGCT,CO4A,FHR1,GLYLB,ALDOA,CO6A3,CO3,RET4,HV434,CFAI,IGLC2,LYAM1,PPIB,APOA1,A1AT,PGRP2,KLK6,GELS,LV218,NBL1,A2MG,CFAB,KV113,IL6RB,B2MG,LG3BP,CBG,AACT,LTBP4,ADIPO,APOA4,TENX,IGHG2,CLUS,CH3L1,SODE,SODC,IGL1,CD59,TETN,DPP2,VTDB,RGMB,MMP2,LRP1,FBLN5,COEA1,NPC2,TRFE,ITIH2,KV230,GDIA,NNRE,CERU,CBLN3,IC1,TPP1,GSTP1,CO2,THRB,NCHL1,ANT3,RNAS4,EPHA4,PCDC2,TPIS,HV372,SPRL1,KVD37,FBLN1,MEGF8,CBLN1,VASN,CNTN2,A1BG,FBLN2,APOE,FGFR1,A2GL,LTBP2,SCG3,IGHA1,SE6L2,SFRP3,ACTG,ENPP2,ALDOC,NRX2A,AGRB1,C1QB,COL12,MYDGF,GPX3,FMOD,RARR2,CADM3,FSTL4,FAT2,NDRG2,AATM,EFNB3,CFAH,CATB,CO6A1,CATO,APOA2,KVD28,NTRK2,A1AG2,PRDX2,ALBU,SEM3G,CHAD,PGCB,C1QT1,PIMT,LAMC1,NCAN,CO4B,CO7,KV127,VTNC,CA2D1,LV151,ROBO1,G3P,CADH6,APOL1,TIMP2,DSG2,CAD13,PON1,FGFR2,APLP2,THY1,GAS6,NRX3A,LAMP2,IGHG3,RL24,NAR3,TIMP1,LCAT,CLC11,DPP6,ANGI,IGJ,CATF,VTM2B,NRP2,CATH,CD14,HV118,NCAM2,Code,Group
0.0004,0.00149,0.00165,0.00977,0.000218,0.00228,6.88e-06,0.0305,0.00145,0.00136,0.00164,0.000339,0.00116,3.67e-06,6.03e-06,0.00044,7.94e-06,4.71e-05,0.000293,0.00011,0.00483,0.000794,4.95e-05,0.000248,7.44e-05,2.52e-06,0.000144,0.00268,0.0236,0.000318,0.00264,0.00372,2.03e-05,5.52e-05,0.00327,0.00117,0.000333,6.47e-05,0.00037,0.00118,0.00027,0.00543,5.23e-05,4.69e-06,0.00108,0.000833,0.00855,0.0234,0.000916,0.000862,4.17e-05,0.00343,8.59e-05,0.000281,0.000194,0.00356,7.35e-05,0.000279,0.000249,7.23e-05,7.85e-06,0.000622,0.0371,0.000431,0.000292,7.13e-05,2.34e-06,0.00199,9.75e-05,0.00231,3.37e-05,6.94e-05,0.000368,0.00102,0.0015,0.00187,3.56e-05,0.000286,8.73e-06,0.000345,7.39e-05,0.00119,0.00137,0.00318,0.000641,2.47e-05,0.000109,0.000595,0.00171,0.000615,0.0497,3.36e-05,0.00029,1.17e-05,0.000204,0.00407,0.000137,0.000119,3.94e-06,0.00139,0.000161,0.000401,7.96e-05,0.00052,5.47e-05,6.73e-05,0.000338,3.9e-05,9.92e-05,0.000355,0.000215,0.000245,2.81e-05,9.55e-05,1.78e-05,0.002,0.000121,0.000514,1.2e-05,8.8e-05,0.000651,0.000162,0.000683,9.65e-05,0.453,2.64e-05,6.16e-05,0.000493,1.8e-05,5.49e-05,0.000226,0.000139,0.000237,0.00113,5.35e-06,0.000564,0.000446,6.29e-06,7.83e-05,0.000138,4.08e-07,8.82e-06,0.000512,9.26e-05,8.46e-05,0.000189,2.64e-05,5.04e-05,0.00117,0.000221,0.000674,6.34e-05,0.000244,4.58e-06,0.000129,0.000221,0.000238,0.000359,6.89e-05,1.6e-05,1.65e-05,9.26e-05,3.88e-05,7.06e-05,8.17e-06,0.00124,2.35e-05,0.000804,109094,MCI-Other
0.000227,0.00158,0.000627,0.00962,0.00012,0.00142,9.84e-07,0.0126,0.000575,0.00285,0.00105,0.00159,0.000902,7.01e-06,5.53e-05,0.000497,2.28e-05,7.57e-05,0.000169,0.000165,0.00786,0.00102,2.43e-05,0.000253,1.17e-05,2.9e-06,0.000125,0.00332,0.0428,0.000248,0.00184,0.00267,3.05e-05,3.02e-05,0.00214,0.00324,0.000144,0.000181,0.000233,0.000917,0.000686,0.0077,3.9e-05,1.46e-05,0.000895,0.00121,0.00338,0.0163,0.000557,0.000418,9.72e-05,0.002,7.76e-05,0.000235,0.000263,0.00974,0.000102,0.000254,0.000628,9.95e-05,5.49e-05,0.000389,0.0406,0.00069,0.000152,9.78e-05,2.02e-05,0.00506,6.42e-05,0.00206,3.76e-05,0.000163,0.000354,0.00114,0.000828,0.00267,3.42e-05,0.000158,7.64e-06,0.000711,3.27e-05,0.000743,0.000531,0.00207,0.000799,3.94e-05,8.47e-05,0.000451,0.00386,0.000558,0.0189,2.88e-05,0.000491,8.16e-05,0.000452,0.00324,0.000152,4.94e-05,2.95e-05,0.00104,4.03e-05,0.000247,1.31e-05,8.89e-05,2.52e-05,0.00013,0.000198,3.53e-05,0.000188,0.000128,0.000273,0.000167,2.25e-05,8.62e-05,0.00012,0.00277,3.16e-05,0.000427,7.56e-05,8.8e-05,0.000341,3.77e-05,0.000366,1.78e-05,0.551,7.52e-05,0.000147,0.000442,5.41e-05,2.99e-05,0.000111,0.00027,0.000295,0.00105,1.43e-05,0.000979,0.000534,3.66e-05,0.000103,0.000509,2.38e-06,2.35e-05,0.00027,2.5e-05,0.000221,0.000289,2.95e-05,4.72e-05,0.00139,0.000273,0.000757,3.49e-05,0.000236,2.68e-05,0.000157,0.000143,0.000162,0.000128,7.09e-05,1.72e-05,1.29e-05,8.91e-05,1.88e-05,2.47e-05,0.000114,0.000556,3.04e-05,0.000521,103208,MCI-Other
0.000306,0.00153,0.00133,0.00941,0.000202,0.00192,8.48e-06,0.02,0.000669,0.00139,0.00146,0.00161,0.000682,4.47e-06,1.59e-05,0.00043,1.51e-05,5.15e-05,0.000207,0.00018,0.0059,0.00138,3.34e-05,0.000312,8.84e-06,1.4e-05,9.78e-05,0.00271,0.0303,0.000311,0.00213,0.00274,5.98e-05,4.16e-05,0.00311,0.00215,0.000231,0.000134,0.000531,0.000975,0.000619,0.00645,3.65e-05,4.69e-06,0.000874,0.000914,0.0152,0.0187,0.000946,0.000496,5.46e-05,0.00308,5.63e-05,0.000257,0.000404,0.00607,0.000125,0.000202,0.000522,6.3e-05,1.34e-05,0.000527,0.0322,0.000492,0.000345,6.95e-05,3.43e-06,0.00368,4.06e-05,0.00241,4.18e-05,0.000224,0.000349,0.000835,0.00183,0.00211,3.12e-05,0.000288,5.17e-06,0.000307,4.49e-05,0.000855,0.000585,0.00272,0.00132,0.000111,7.68e-05,0.000687,0.00298,0.000655,0.0382,4.45e-05,0.000346,1.48e-05,0.000244,0.00621,0.000113,5.43e-05,4.15e-06,0.00125,0.000189,0.000323,6.55e-05,0.000406,2.53e-05,4.75e-05,0.000435,1.47e-05,9.07e-05,0.000268,0.000228,0.000322,5.45e-05,7.64e-05,0.000125,0.00163,2.15e-05,0.000589,1.75e-05,0.000168,0.000472,8.59e-05,0.000269,2.64e-05,0.473,0.000385,0.000157,0.000481,4.43e-05,0.000102,0.000207,0.000283,0.000328,0.00109,1.05e-05,0.000795,0.000559,5.52e-05,8.69e-05,0.000172,2.44e-07,1.19e-05,0.000198,1.72e-05,7.73e-05,0.000243,1.86e-05,4.93e-05,0.000243,0.00133,0.000972,4.47e-05,0.000405,3.78e-05,0.000146,0.000177,0.000135,0.000229,3.59e-05,5.97e-05,5.02e-06,0.000112,6.42e-05,1.88e-05,2.81e-05,0.00123,1.71e-05,0.000863,106086,MCI-Other
0.00026,0.000888,0.0011,0.00787,0.000203,0.00165,2.77e-06,0.0129,0.000875,0.00135,0.0011,0.000657,0.000551,8.98e-06,1.36e-05,0.000424,4.15e-06,5.88e-05,0.000195,0.000153,0.00653,0.00121,9.62e-06,0.000208,7.14e-06,1.04e-06,0.000121,0.00263,0.0239,0.000266,0.00231,0.00347,7.71e-05,4.13e-05,0.00259,0.00162,0.0003,6.68e-05,0.000474,0.000965,0.000342,0.00547,6.1e-05,3.43e-06,0.000875,0.00122,0.0463,0.0171,0.000815,0.000859,5.33e-05,0.00392,4.07e-05,0.000373,0.000126,0.00592,6.47e-05,0.000112,0.000413,9.59e-05,5.32e-06,0.000529,0.0315,0.000343,0.00023,8.01e-05,2.48e-07,0.00298,8.48e-05,0.00172,4.01e-05,0.000316,0.000326,0.00111,0.000967,0.00173,3.26e-05,0.000199,3.01e-06,0.000209,3.96e-05,0.000879,0.00144,0.00214,0.000456,5.24e-05,5.93e-05,0.000673,0.00209,0.000592,0.0196,1.41e-05,0.000369,2.57e-05,0.000104,0.0054,0.000121,3.21e-05,3.23e-05,0.000911,2.52e-05,0.000377,6.16e-05,0.000359,4.26e-06,7.75e-05,0.0005,2.29e-05,0.000114,9.35e-05,0.000192,0.000537,6.29e-05,0.000109,1.39e-05,0.00126,4.97e-05,0.000574,9.45e-05,0.000208,0.000599,1.6e-05,0.000458,6.38e-06,0.513,0.000301,4.22e-05,0.000356,7.37e-06,9.65e-05,0.000389,0.000227,0.000125,0.000577,3.93e-05,0.000545,0.000556,1.24e-05,9.05e-05,0.00135,2.51e-07,9.84e-06,0.000202,1.76e-05,4.4e-05,0.000251,2.22e-05,4.7e-05,0.000152,0.00138,0.000633,6.45e-05,0.000208,7.79e-06,0.000133,0.000141,9.75e-05,4.28e-05,6.85e-05,3.56e-05,1.28e-05,8.01e-05,3.82e-05,6.27e-06,5.46e-05,0.00068,2.38e-05,0.000504,105634,MCI-Other
0.000216,0.00149,0.00104,0.0102,0.000177,0.00181,1.63e-05,0.0209,0.00134,0.00123,0.00132,0.00116,0.000972,7.11e-06,8.34e-06,0.000665,6.35e-06,4.87e-05,0.000297,8.69e-05,0.00593,0.000942,2.25e-05,0.000209,7.97e-05,6.57e-06,0.000142,0.00239,0.019,0.000364,0.0018,0.00467,5.5e-05,4.27e-05,0.00242,0.00176,0.000151,0.000124,0.000372,0.000896,0.0012,0.00794,4.29e-05,2.06e-06,0.000819,0.00125,0.0143,0.0138,0.000634,0.00059,7.87e-05,0.00242,3.07e-05,0.000439,0.000378,0.00541,8.69e-05,0.000169,0.000263,7.34e-05,2.45e-05,0.000225,0.0373,0.000417,0.000181,0.000102,3.79e-06,0.00312,4.32e-05,0.00241,2.79e-05,4.6e-05,0.000329,0.000719,0.00108,0.00207,2.47e-05,0.000145,3.17e-06,0.000881,2.88e-05,0.000849,0.000106,0.00248,0.00082,2.6e-05,0.0001,0.000415,0.00294,0.000595,0.0203,1.42e-05,0.000364,7.87e-06,0.0002,0.0041,0.000125,3.6e-05,8.85e-06,0.00101,3.24e-05,0.000322,5.02e-05,7.67e-05,1.72e-05,0.000163,0.000345,2.07e-05,8.81e-05,0.000108,0.000235,0.000346,7.15e-05,0.000665,3.81e-05,0.00138,5.96e-05,0.000649,0.000106,0.000185,0.000682,0.000127,0.00055,1.58e-05,0.529,6.77e-05,8.66e-05,0.000482,2.34e-05,9.68e-05,0.00044,0.000286,0.000488,0.00116,2.29e-05,0.000653,0.000403,3.39e-05,0.000103,0.000156,5.64e-07,7.87e-06,0.000192,1.45e-05,7.11e-05,0.000238,9.08e-06,7.12e-05,0.000244,0.000223,0.000416,5.47e-05,9.83e-05,6.8e-06,0.00013,0.000165,0.000105,2.55e-05,6.44e-05,3e-05,1.52e-05,0.000162,1.92e-05,2.76e-05,2.66e-05,0.00058,4.77e-05,0.000359,106008,MCI-Other
0.00029,0.00217,0.00111,0.0161,0.000148,0.00198,3.64e-06,0.0146,0.000894,0.00188,0.00136,0.00163,0.000944,6.13e-06,6.86e-06,0.000484,2.82e-05,7.87e-05,0.000161,0.000103,0.0108,0.000656,3.04e-05,0.000374,1.97e-05,1.03e-06,0.00011,0.00214,0.0371,0.000525,0.00171,0.00401,2.32e-05,4.55e-05,0.00313,0.00327,0.000139,0.000149,0.00036,0.000839,0.000433,0.0176,1.9e-05,1.93e-06,0.00121,0.000806,0.00395,0.0148,0.00114,0.000467,8.33e-05,0.00137,3.94e-05,0.000407,0.000363,0.00737,0.000101,0.000262,0.000222,0.000101,2.42e-05,0.000435,0.0309,0.000423,0.000244,2.76e-05,2.17e-06,0.00405,6.56e-05,0.00242,2.96e-05,0.000358,0.000344,0.00136,0.00123,0.00157,1.69e-05,0.000167,3.9e-06,0.000887,1.77e-05,0.000638,0.000573,0.00259,0.000556,5.33e-05,0.000108,0.000394,0.00468,0.000489,0.0314,2.6e-05,0.000737,2.53e-05,0.000364,0.00352,0.000126,3.08e-05,6.24e-06,0.00107,0.00012,0.000253,5.06e-05,0.000407,9.83e-06,9.38e-05,0.000488,1.11e-05,0.00014,0.000155,0.000268,0.000171,2.28e-06,6.94e-05,2.15e-05,0.00278,8.5e-06,0.000542,1.03e-05,8.52e-05,0.000254,6.87e-05,0.000808,1.25e-05,0.495,5.92e-05,0.0002,0.00048,2.22e-05,0.000126,7.64e-05,0.000173,0.000409,0.00108,1.75e-05,0.000708,0.00035,2.23e-05,0.000181,0.000159,1.36e-06,1.4e-05,0.000119,3.11e-05,0.000107,0.000227,1.74e-05,3.85e-05,0.000387,0.000204,0.000575,3.65e-05,0.000156,1.03e-05,0.000152,0.000193,0.000199,0.000269,4.81e-05,5.01e-05,1.5e-05,2.42e-05,3.19e-05,1.25e-05,1.02e-05,0.000974,1.66e-05,0.000358,110203,MCI-Other
0.000465,0.00243,0.000976,0.012,0.00017,0.00159,1.67e-06,0.0134,0.00102,0.00125,0.00115,0.00174,0.000861,1.1e-05,1.42e-05,0.000487,2.61e-05,5.82e-05,0.000162,0.000142,0.0053,0.00129,3.83e-05,0.000256,1.38e-05,1.6e-05,0.000136,0.00261,0.0327,0.000301,0.00195,0.00304,1.57e-05,4.03e-05,0.00254,0.00193,0.000212,9.54e-05,0.000256,0.00101,0.000334,0.00585,3.84e-05,7.12e-06,0.00114,0.0011,0.0102,0.0159,0.000705,0.000616,0.000147,0.00339,5.01e-05,0.000534,0.00016,0.00562,5.77e-05,0.000249,0.000569,6.96e-05,6.86e-05,0.000229,0.0504,0.000509,0.000202,5.18e-05,1.36e-06,0.00268,9.81e-05,0.00186,2.43e-05,4.47e-05,0.000373,0.000798,0.000991,0.00173,4.18e-05,0.00017,7.99e-06,0.000271,3.77e-05,0.000751,0.00123,0.00267,0.000688,0.000124,8.82e-05,0.000544,0.00267,0.000709,0.0267,1.45e-05,0.000153,8.93e-06,0.000505,0.00821,0.000111,8.46e-05,4.65e-05,0.00129,7.55e-05,0.000294,1.26e-05,8.93e-05,4.36e-06,5.46e-05,0.000516,0.000188,0.000102,0.000103,0.000246,0.000165,9.34e-05,0.000103,9.79e-05,0.00148,5.63e-05,0.000293,0.000109,0.000328,0.000616,0.000242,0.000418,1.01e-05,0.512,3.71e-05,7.01e-05,0.000528,1.94e-05,0.000112,0.000248,0.000205,0.000134,0.000823,7.79e-06,0.000706,0.000582,4.57e-05,7.45e-05,0.000167,3.01e-07,1.98e-05,0.000189,7.94e-06,6.56e-05,0.000268,2.33e-05,9.84e-05,0.00166,0.000222,0.000422,5.96e-05,0.00049,4.15e-05,8.49e-05,0.000208,9.48e-05,6.07e-05,8.06e-05,2.43e-05,3.69e-06,2.14e-05,3.81e-05,1.61e-05,7.36e-05,0.000917,1.63e-05,0.00048,108382,MCI-Other
0.000406,0.00224,0.00108,0.0113,0.000213,0.00172,9.22e-06,0.0139,0.000929,0.00204,0.000972,0.00159,0.00121,1.49e-05,2.34e-05,0.000358,3.42e-05,6.7e-05,0.000168,0.00015,0.00718,0.000758,4.21e-05,0.000295,1.2e-05,2.03e-06,0.000139,0.00291,0.0146,0.000283,0.00171,0.00293,2.24e-05,3.43e-05,0.00307,0.00213,0.000137,0.000138,0.000259,0.000742,0.000881,0.0061,5.64e-05,2.52e-07,0.000912,0.00107,0.00268,0.0179,0.000748,0.000625,0.000116,0.00303,4.51e-05,0.000329,0.000114,0.00472,9.24e-05,0.000226,0.000466,0.000108,1.17e-05,0.000222,0.0346,0.000534,0.000174,4.48e-05,2.47e-06,0.00366,6.15e-05,0.00206,4.91e-05,4.81e-05,0.000216,0.00102,0.000931,0.00219,2.62e-05,8.06e-05,8.35e-06,0.000227,3.04e-05,0.000935,0.000706,0.0028,0.000848,0.000107,0.000118,0.000773,0.00364,0.000693,0.0197,2.19e-05,0.000472,6.51e-05,0.000176,0.00334,0.000169,5.1e-05,1.16e-05,0.00109,8.06e-05,0.000257,8.35e-05,8.78e-05,9.81e-06,4e-05,0.000341,0.000159,0.00011,0.000186,0.00017,0.000364,5.36e-05,0.00011,7.85e-05,0.00154,8.56e-05,0.000447,0.00011,0.000114,0.000455,0.000115,0.000357,1.39e-05,0.566,0.000465,9.69e-05,0.000505,1.81e-05,1.77e-05,0.00015,0.000201,7.24e-05,0.00134,7.12e-06,0.000775,0.000306,3.95e-05,0.000117,0.000182,4.07e-07,1.23e-05,0.00018,1.44e-05,0.000176,0.000203,4.33e-05,5.05e-05,0.000141,0.00198,0.00105,6.25e-05,0.000631,5.15e-05,0.000159,0.000191,0.000141,8.69e-05,2.91e-05,3.18e-05,2.06e-06,8.16e-05,2.98e-05,1.77e-05,0.000147,0.00108,1.79e-05,0.000605,104968,MCI-Other
0.000317,0.00227,0.000977,0.0103,0.00016,0.00215,1.97e-05,0.0126,0.000504,0.0018,0.00125,0.000875,0.000677,4.46e-06,2.1e-05,0.000528,1.09e-05,6.64e-05,0.000189,0.000508,0.00711,0.000465,2.96e-05,0.000282,7.82e-06,1.86e-05,0.000118,0.0024,0.0338,0.000602,0.00229,0.00263,2.12e-05,4.41e-06,0.00315,0.00202,0.000269,0.000232,0.000383,0.000794,0.000139,0.00865,3.19e-05,2.75e-06,0.00126,0.00113,0.0146,0.0172,0.00145,0.000589,4.28e-05,0.00368,6.14e-05,0.000308,0.000124,0.0046,0.000116,0.000263,0.000592,4.86e-05,2.1e-05,0.000225,0.0249,0.000549,0.00028,0.00012,3.17e-06,0.00343,3.34e-05,0.00223,4.53e-05,8.72e-05,0.000296,0.000959,0.00163,0.002,2.37e-05,0.000276,9.29e-06,0.000786,2.68e-05,0.000617,6.24e-05,0.0017,0.000804,4.01e-05,0.000122,0.000617,0.00413,0.000709,0.0308,1.72e-05,0.000634,8.7e-06,0.000215,0.003,0.000183,6.73e-05,8.05e-06,0.000889,0.00015,0.000375,6.81e-05,9.67e-05,7.13e-06,3.21e-05,0.000541,1.33e-05,5.85e-05,0.000128,0.000191,0.000352,1.44e-05,5.32e-05,9.39e-05,0.00151,3.89e-05,0.000603,7.28e-05,0.000183,0.000561,0.000155,0.000301,4.2e-05,0.472,0.00036,0.000179,0.00045,3.73e-05,8.67e-05,0.000124,0.000294,0.000537,0.000728,1.75e-05,0.000555,0.00032,4.95e-05,0.0003,0.000331,3.74e-06,1.16e-05,0.000163,8.3e-06,0.000121,0.000308,4.19e-05,0.000138,0.000244,0.000243,0.000761,6.25e-05,0.000267,2.77e-05,8.22e-05,0.000197,0.000164,0.000311,6.71e-05,2.39e-05,5.39e-06,0.000131,3.66e-05,1.07e-05,1.38e-05,0.00099,3.62e-06,0.000601,107018,MCI-Other
0.000365,0.00153,0.0012,0.00817,0.00011,0.00291,1.11e-05,0.0202,0.000689,0.00178,0.00178,0.000967,0.00135,7.02e-06,3.85e-05,0.00073,2.38e-05,6.72e-05,0.000443,8.39e-05,0.00839,0.000933,2.1e-05,0.00021,1.08e-05,1.3e-05,0.000174,0.00251,0.0182,0.000445,0.00231,0.00445,2.07e-05,3.93e-05,0.00394,0.00186,0.000214,6.11e-05,0.000414,0.00122,0.00101,0.00823,4.37e-05,3.36e-06,0.000848,0.000931,0.0135,0.027,0.000871,0.000765,8.72e-05,0.000952,3.36e-05,0.000466,0.00018,0.00373,0.000196,0.000279,0.000208,0.000106,8.6e-06,0.000576,0.0339,0.000368,0.00011,0.000149,2.63e-05,0.00315,7.48e-05,0.00302,4.18e-05,4.67e-05,0.000315,0.000842,0.00231,0.00199,1.17e-05,0.000269,6.93e-07,0.000756,1.65e-05,0.000932,0.000458,0.00328,0.00112,5.52e-05,7e-05,0.000685,0.00208,0.000211,0.0277,2.73e-05,0.000475,6.7e-06,0.00031,0.00351,0.000153,9.31e-05,1.03e-05,0.00159,5.48e-05,0.000331,1.9e-05,0.000116,7.14e-06,8e-05,0.000536,1.5e-05,8.35e-05,0.000205,0.000269,0.000192,2.79e-05,4.96e-05,1.23e-05,0.00167,4.75e-05,0.000438,9.86e-05,0.000297,0.000212,7.46e-05,0.000548,1.23e-05,0.439,0.000297,4.29e-05,0.000592,8.59e-06,7.66e-05,0.000139,0.000288,0.000332,0.00111,2.1e-05,0.000581,0.000481,7.66e-05,8.01e-05,0.000207,2.69e-06,8.33e-06,0.000155,1.81e-05,0.000557,0.000168,2.73e-05,9.15e-05,0.000335,0.000476,0.0013,4.55e-05,0.000237,1.95e-05,0.000125,0.000187,0.000209,0.000216,4.77e-05,2.15e-05,1.6e-05,3.77e-05,3.66e-05,2.08e-05,2.52e-05,0.00109,4.34e-05,0.000652,109456,MCI-Other
0.000355,0.00182,0.00116,0.01,0.000187,0.0024,8.7e-06,0.0203,0.000707,0.00163,0.00145,0.000959,0.00107,5.08e-06,7.52e-06,0.000337,3.43e-05,1.56e-05,0.000219,0.000193,0.0066,0.000946,0.000104,0.000258,3.55e-06,3.46e-06,0.000183,0.00263,0.019,0.000275,0.00165,0.00347,7.65e-05,4.04e-05,0.00345,0.00209,0.000297,8.31e-05,0.000255,0.0011,0.000297,0.00737,5.29e-05,4.83e-06,0.00119,0.00114,0.0109,0.0223,0.000894,0.000922,5.91e-05,0.00185,8.05e-05,0.000422,9.96e-05,0.00354,7.97e-05,0.000262,0.000448,0.000103,2.66e-05,0.000594,0.0334,0.000415,0.000316,0.000117,2.63e-06,0.00294,0.000112,0.00206,5.47e-05,0.000197,0.000227,0.000787,0.00113,0.00173,3.47e-05,0.000219,4.81e-06,0.000217,3.49e-05,0.001,0.00187,0.00294,0.000739,3.37e-05,0.000126,0.000745,0.00228,0.000615,0.0331,2.06e-05,0.000476,6.25e-05,0.000167,0.00436,0.000232,0.000138,1.48e-06,0.00138,5.16e-05,0.000373,2.35e-05,0.000342,4.4e-05,2.92e-05,0.000482,4.47e-05,4.87e-05,0.000141,0.000175,0.000406,2.78e-05,9.74e-05,4.49e-05,0.00148,5.42e-05,0.000681,9.08e-05,7.96e-05,0.000404,5.98e-05,0.000335,9.48e-05,0.466,0.000298,9.33e-05,0.000798,4.29e-05,0.000102,0.000159,0.000172,0.000279,0.00103,6.34e-05,0.000578,0.000422,2.61e-05,0.000107,0.000134,6.32e-06,1.56e-05,0.000231,1.65e-05,9.8e-05,0.000218,3.07e-05,7.61e-05,0.00016,0.000214,0.000583,6.05e-05,0.000189,6.14e-06,0.000153,0.000175,0.000147,5.8e-05,2.75e-05,2.23e-05,1.83e-05,9.2e-05,2.76e-05,1.46e-05,3.43e-05,0.00105,1.02e-05,0.000651,108259,MCI-Other
0.000412,0.00286,0.00144,0.0135,0.000282,0.00262,9.25e-06,0.0167,0.00114,0.00231,0.00184,0.00153,0.00106,1.92e-05,3.41e-05,0.000852,3.57e-05,7.63e-05,0.000262,0.000131,0.00987,0.00165,7.8e-05,0.000588,9.45e-06,1.92e-05,0.000154,0.00487,0.0337,0.000328,0.00226,0.00426,4.71e-05,2.77e-05,0.00439,0.0036,0.000269,0.000214,0.000369,0.00143,0.000556,0.0085,4.39e-05,2.54e-06,0.00137,0.000692,0.00427,0.0225,0.00112,0.000788,0.000155,0.00301,6.64e-05,0.000356,0.00028,0.00631,0.000161,0.000322,0.000331,8.01e-05,6.34e-05,0.000491,0.0654,0.000743,0.000248,9.43e-05,7.72e-05,0.0051,2.48e-05,0.00357,3.44e-05,8.69e-05,0.000521,0.00174,0.00145,0.00354,4.33e-05,0.000282,1.8e-05,0.000295,0.000103,0.00135,0.00122,0.00331,0.000834,5.32e-05,0.000158,0.000734,0.00434,0.000732,0.028,1.57e-05,0.00049,0.000173,0.000379,0.0118,0.000217,6.5e-05,1.09e-05,0.00176,0.000108,0.000477,1.15e-05,0.000856,0.000117,0.00022,0.000541,4.84e-05,6.2e-05,0.000182,0.000391,0.000306,3.49e-05,0.000112,9.28e-05,0.00253,3.74e-05,0.000757,1.5e-05,0.00016,0.000521,0.000225,0.000423,0.000146,0.413,7.55e-05,0.000173,0.000679,2.59e-05,5.04e-05,0.000142,0.000301,0.000113,0.000758,6.32e-05,0.000861,0.000728,4.73e-05,0.00014,0.000173,1.67e-06,1.96e-05,0.000738,3.44e-05,0.000115,0.000346,2.81e-05,3.23e-05,0.000264,0.00173,0.00125,8.26e-05,0.000466,1.54e-05,0.000201,0.000198,0.000147,0.000283,8.05e-05,8.03e-05,1.1e-05,0.000123,5.06e-05,6.84e-06,4.21e-05,0.00138,3.51e-05,0.000797,109500,MCI-Other
0.000497,0.00153,0.00118,0.00898,0.000153,0.00212,1.43e-05,0.0162,0.00103,0.0011,0.00136,0.000747,0.00122,2.69e-06,9.21e-06,0.000762,6.33e-06,6.26e-05,0.000149,0.000144,0.00717,0.00068,2.18e-05,0.000285,8.16e-05,1.11e-05,0.00011,0.00159,0.0177,0.000232,0.00235,0.00368,6.59e-06,5.15e-05,0.00358,0.00113,7.58e-05,0.000194,0.000466,0.00109,0.000194,0.00587,5.28e-05,1.37e-05,0.000821,0.00115,0.0232,0.0225,0.00171,0.00107,7e-05,0.0018,6.68e-05,0.00037,9.69e-05,0.00401,9.07e-05,0.000269,0.000232,7.38e-05,1.09e-05,0.00051,0.0384,0.000261,0.000232,0.000119,7.54e-07,0.00297,7.09e-05,0.00287,4.14e-05,0.000213,0.000475,0.000549,0.00158,0.00104,3.75e-05,0.000284,3.96e-06,0.00079,2.48e-05,0.000824,0.00054,0.00255,0.000746,9.05e-05,5.18e-05,0.000889,0.00235,0.000563,0.0386,1.94e-05,0.000435,2.38e-05,0.00019,0.00151,9.49e-05,7.04e-05,8.89e-06,0.00143,0.000116,0.00032,6.4e-05,0.000452,4.99e-05,2.63e-05,0.000197,0.000189,0.000261,0.000152,0.000183,0.000344,5.54e-05,7.68e-05,9.61e-05,0.00158,6.74e-05,0.000583,0.000102,0.000239,0.000287,0.000104,0.000419,1.69e-05,0.485,2.3e-05,0.000194,0.000361,2.53e-05,4.85e-05,9.27e-05,0.000295,0.000266,0.00204,9.93e-06,0.00052,0.000619,5.05e-05,0.000265,0.000186,6.52e-06,8.63e-06,0.000221,4.58e-05,8.56e-05,0.000288,1.57e-05,8.13e-05,0.000269,7.34e-05,0.000659,2.63e-05,0.000346,3.41e-05,0.000133,0.000217,0.000191,0.000289,5.88e-05,8.26e-06,2.09e-06,5.25e-05,3.06e-05,1.35e-05,2.63e-05,0.00152,1.76e-05,0.000615,106628,MCI-Other
0.00014,0.000811,0.000569,0.00669,0.000157,0.00184,1.9e-05,0.00913,0.000319,0.00129,0.000997,0.000879,0.000468,9.55e-06,3.19e-05,0.000512,2.84e-06,1.13e-05,0.00031,0.000235,0.00561,0.000851,1.31e-05,0.000267,1.28e-05,5.55e-06,0.000283,0.00169,0.0193,0.000506,0.000598,0.00225,3.78e-05,1.8e-05,0.00191,0.00197,0.000194,6.89e-05,0.000519,0.000692,0.00127,0.00722,4.52e-05,1.66e-06,0.000722,0.00126,0.035,0.0068,0.000578,0.000254,6.27e-05,0.0018,1.78e-05,0.000149,8.82e-05,0.00407,0.000114,9.81e-05,0.000344,8.18e-05,9.4e-06,0.00047,0.0139,0.000704,0.000186,3.26e-05,3.13e-06,0.0026,2.41e-05,0.0016,3.79e-05,0.000272,0.000629,0.00111,0.000922,0.00166,2.26e-05,3.76e-05,1.67e-06,0.000385,2.65e-05,0.000535,0.000522,0.00113,0.00109,9.14e-06,7.64e-05,0.000267,0.00135,8.58e-05,0.00625,1.89e-06,0.000336,1.03e-05,0.000103,0.00106,0.000299,4.81e-05,8.21e-06,0.000846,0.000399,0.000207,1.38e-05,5.36e-05,4.34e-06,0.0001,0.000524,2.42e-05,0.000274,9.84e-05,0.000179,0.000504,4.29e-05,0.000111,4.7e-05,0.00107,2.34e-05,0.000192,3.71e-05,0.000163,0.000307,5.04e-05,0.000118,1.85e-05,0.461,4.16e-05,0.000157,0.000623,4.82e-05,1.68e-05,0.000209,0.000134,0.00016,0.00037,3.73e-05,0.000498,0.000974,0.000167,0.000188,0.000227,4.19e-06,1.28e-05,0.000165,1.85e-05,0.000165,0.000222,2.45e-05,0.000138,0.000179,0.00064,0.000512,4.58e-05,0.000158,1.51e-05,0.000114,0.000157,2.39e-05,5.93e-05,7.42e-05,1.05e-05,2.69e-06,0.000109,3.15e-05,1.25e-05,0.000146,0.000754,1.01e-05,0.000317,107616,MCI-Other
0.000303,0.00197,0.00156,0.0111,0.000148,0.00271,6.14e-06,0.0122,0.00111,0.00159,0.00177,0.00111,0.000718,1.05e-05,2.48e-05,0.000912,2.43e-05,6.54e-05,0.000121,0.000172,0.00796,0.00133,3.22e-05,0.000292,1.49e-06,5.05e-06,0.000181,0.00307,0.02,0.00071,0.00191,0.00315,2.92e-05,3.77e-05,0.00369,0.0015,0.000217,6.2e-05,0.000433,0.00118,0.000427,0.00712,4.85e-05,1.23e-05,0.0016,0.00106,0.00479,0.012,0.000921,0.000459,9.04e-05,0.000949,5.59e-05,0.000281,0.000208,0.00464,6.43e-05,0.000302,0.00061,6.33e-05,8.35e-06,0.000265,0.041,0.000476,0.000253,7.46e-05,7.49e-07,0.00364,7.16e-05,0.00254,3.1e-05,5.55e-05,0.000284,0.00145,0.0017,0.0019,2.77e-05,0.000226,3.51e-06,0.00104,3.65e-05,0.000987,0.0004,0.003,0.000752,7.46e-05,0.000117,0.000509,0.00304,2.29e-05,0.0277,1.18e-05,0.000392,0.000117,0.000187,0.00221,0.00013,5.14e-05,1.36e-06,0.00134,6.99e-05,0.000271,3.9e-05,0.000477,1.05e-06,4.4e-05,0.00039,2.64e-05,0.00021,0.000172,0.000187,0.000245,1.67e-05,8.22e-05,8.21e-05,0.00208,6.24e-05,0.000675,0.000131,0.000138,0.000351,0.000134,0.000267,0.000117,0.514,0.00046,8.46e-05,0.000536,6.14e-05,5.64e-05,0.000223,0.00023,0.000459,0.00105,4.06e-05,0.000547,0.000394,1.78e-05,0.000254,0.000196,4.86e-07,2.13e-06,0.000254,1.69e-05,0.000316,0.000273,1.6e-05,0.000101,0.000804,0.000163,0.0015,7.97e-05,0.000274,1.64e-05,0.000345,0.000304,0.000162,4.98e-05,6.99e-05,4.53e-05,1.8e-06,0.000133,3.66e-05,2.09e-05,5.05e-05,0.000909,3.38e-06,0.000489,108267,MCI-Other
0.000428,0.00292,0.00139,0.0182,0.000189,0.00253,5.67e-06,0.0172,0.00129,0.00279,0.00169,0.00151,0.000795,7.92e-06,3.11e-05,0.00111,6.6e-05,0.000105,0.000259,0.0003,0.0121,0.00112,6.18e-05,0.00034,2.64e-05,4.25e-06,0.000214,0.00324,0.0372,0.00057,0.00246,0.00366,2.42e-05,4.5e-05,0.00395,0.00334,8.56e-05,0.000191,0.000595,0.00139,0.000407,0.0128,3.85e-05,1.33e-05,0.00116,0.00156,0.00324,0.0236,0.00122,0.000679,0.000199,0.00161,7.72e-05,0.000474,0.000124,0.00747,0.000102,0.000426,0.00101,0.000147,8.3e-05,0.000537,0.048,0.000672,0.000103,9.96e-05,7.59e-06,0.00545,9.94e-05,0.00296,5.01e-05,0.000355,0.000518,0.00113,0.00138,0.00307,4.18e-05,0.000247,7.54e-06,0.00127,5.52e-05,0.00112,0.000679,0.00397,0.000921,5.92e-05,0.00012,0.000722,0.00411,0.000129,0.021,5.89e-05,0.000974,6.57e-05,0.000259,0.00198,0.000125,6.02e-05,6.26e-05,0.00174,0.000148,0.000536,6.33e-05,0.000669,2.56e-05,0.000114,0.000616,2.63e-05,0.000135,0.000172,0.000548,0.000355,2.96e-05,0.000153,8.1e-05,0.00248,3.4e-05,0.000611,0.000178,0.000333,0.00036,0.000198,0.000726,0.00011,0.407,5.83e-05,0.000108,0.000512,5.42e-05,4.02e-05,0.000214,0.000176,0.000639,0.00143,5.65e-06,0.00074,0.00055,6.24e-05,0.000165,0.000242,3.13e-06,1.95e-05,0.000248,3.26e-05,0.000318,0.000178,1.86e-05,6.03e-05,0.000242,0.000235,0.0017,9.78e-05,0.000261,8.86e-05,0.000331,0.00028,0.000169,7.93e-05,0.00011,4.41e-05,1.69e-05,0.000196,3.31e-05,2.53e-05,3.91e-05,0.00147,1.69e-06,0.000928,101072,MCI-Other
0.000371,0.00166,0.00122,0.0104,0.000109,0.0026,1.14e-05,0.0191,0.00224,0.00119,0.00173,0.000382,0.00113,1.12e-05,1.93e-05,0.000809,2.89e-05,6.94e-05,0.000266,0.00018,0.0066,0.000978,3.12e-05,0.00033,8.66e-06,6.6e-06,0.000133,0.00248,0.0196,0.000358,0.00338,0.00382,2.45e-05,3.79e-05,0.00372,0.00176,8.38e-05,0.000107,0.000329,0.000494,0.000365,0.00954,5.8e-05,1.68e-06,0.00113,0.000965,0.00602,0.0227,0.00237,0.000714,0.000106,0.00163,5.51e-05,0.000244,0.000201,0.00599,0.000151,0.000318,0.000258,5.48e-05,1.5e-05,0.00062,0.0277,0.000502,0.000135,8e-05,2.07e-06,0.0036,3.96e-05,0.00259,6.46e-05,0.000162,0.000257,0.000649,0.00156,0.00254,3.4e-05,0.00026,8.14e-06,0.000893,3.31e-05,0.00138,0.000379,0.0031,0.000736,1.89e-05,0.000118,0.000862,0.00328,0.000471,0.0478,4.59e-05,0.000539,5.97e-05,0.000175,0.00351,0.000201,9.42e-05,9.99e-06,0.00127,0.000271,0.000393,1.13e-05,0.000386,1.28e-05,3.07e-05,0.000449,5.02e-05,7.89e-05,0.000219,0.000159,0.000297,3.59e-05,0.0001,1.9e-05,0.00155,6.71e-05,0.000607,1.88e-05,9.42e-05,0.000202,9.45e-05,0.000437,3.8e-05,0.482,8.37e-05,0.000116,0.000668,3.94e-05,9.6e-05,0.000165,0.000194,0.000382,0.00131,9.56e-06,0.000455,0.000694,7.36e-05,0.000323,0.000136,1.58e-06,8.27e-06,0.000279,1.07e-05,7.24e-05,0.000232,2.76e-05,0.000142,0.000208,0.000196,0.000982,6.16e-05,0.000227,3.14e-05,0.000122,0.000249,0.000246,0.000147,6.7e-05,5.83e-05,1.31e-05,0.000124,0.000234,3.41e-05,3.48e-05,0.0015,1.35e-05,0.000774,102168,MCI-Other
0.000455,0.00141,0.00152,0.00971,0.000112,0.00315,1.11e-05,0.0281,0.0011,0.00159,0.00202,0.00104,0.00173,5.89e-06,3.96e-05,0.000832,3.48e-05,7.09e-05,0.000256,0.000187,0.0103,0.00132,2.47e-05,0.000405,2.22e-06,5.2e-06,0.000137,0.00247,0.00982,0.0004,0.00572,0.00425,1.7e-05,4.58e-05,0.00431,0.00195,0.000127,7.4e-05,0.000345,0.00136,0.00028,0.00632,7.18e-05,2.39e-06,0.00101,0.00102,0.00413,0.0256,0.00255,0.00107,8.88e-05,0.0019,4.48e-05,0.000602,0.000444,0.00347,0.00011,0.000428,0.000533,0.000114,4.36e-05,0.000676,0.0379,0.000437,0.000171,0.000112,8.32e-06,0.00327,4.14e-05,0.0027,3.89e-05,5.43e-05,0.000438,0.000722,0.00244,0.00123,2.92e-05,0.000422,9.21e-06,0.000729,3.12e-05,0.00121,0.000629,0.00351,0.000323,7.55e-05,9.67e-05,0.00109,0.00199,0.00047,0.0331,4.37e-05,0.000485,9.42e-05,0.00018,0.00431,0.000176,0.000105,5.76e-06,0.00176,0.000146,0.000421,0.000106,0.000373,3.49e-05,7.93e-05,0.000508,0.000183,0.000217,0.000289,0.000294,0.000738,5.63e-05,6.56e-05,2.15e-05,0.00217,7.92e-05,0.00052,1.73e-05,0.000277,0.000225,0.00016,0.000441,1.07e-05,0.43,0.000265,0.000122,0.000741,4.09e-05,3e-05,0.000209,0.000238,0.000361,0.00166,3.24e-05,0.000727,0.00088,0.000133,0.000151,0.00021,2.99e-06,3.54e-06,0.000243,6.9e-06,0.000255,0.000672,3.4e-05,9.61e-05,0.000416,0.00132,0.000989,7.65e-05,0.000348,3.52e-05,0.000118,0.000247,0.000116,0.000105,0.000112,8.73e-05,1.82e-05,0.000103,4.56e-05,2.3e-05,5.59e-05,0.00178,2.75e-05,0.00105,103321,MCI-Other
0.000275,0.00282,0.000783,0.0174,0.000207,0.0014,2.4e-06,0.0258,0.00125,0.00198,0.00132,0.00177,0.00077,6.47e-06,1.27e-05,0.000926,2.95e-05,8.18e-05,0.00017,0.000189,0.012,0.00126,3.33e-05,0.000689,3.77e-06,2.94e-06,0.000157,0.00734,0.041,0.00071,0.00218,0.00441,5.04e-05,3.31e-05,0.00381,0.0026,0.000151,8.98e-05,0.00033,0.00111,0.000581,0.00789,4.43e-05,4.21e-06,0.00234,0.000486,0.00323,0.0138,0.000595,0.000628,9.91e-05,0.00225,0.000103,0.000256,0.000519,0.00818,0.000113,0.000394,0.00033,5.75e-05,2.3e-05,0.000199,0.0384,0.000946,0.000128,0.000102,2.86e-06,0.00631,3.63e-05,0.00351,3.58e-05,0.000305,0.000648,0.0024,0.00108,0.00536,3.82e-05,0.000168,8.6e-06,0.000981,3.98e-05,0.000907,0.000793,0.00231,0.000823,5.54e-05,0.000139,0.000571,0.00658,0.00089,0.0157,5.97e-05,0.000877,2.17e-05,0.000159,0.002,0.000258,7.27e-05,1.38e-05,0.00152,8.6e-05,0.000278,3.49e-05,0.000499,1.97e-06,3.96e-05,0.000676,3.61e-05,9.6e-05,0.000226,0.000256,0.000162,2.57e-05,9.15e-05,0.000177,0.00223,0.000131,0.000558,0.000111,0.000232,0.000487,0.000201,0.000739,8.37e-05,0.462,9.79e-05,0.000126,0.00053,3.9e-05,3.18e-05,0.000142,0.000102,0.00053,0.00104,6.85e-05,0.00094,0.000663,1.33e-05,0.000198,0.000246,3.59e-06,1.27e-05,0.000208,2.57e-05,0.000249,0.000447,4.1e-05,5.77e-05,0.000672,0.000775,0.00132,4.15e-05,0.000673,2.54e-05,0.000152,0.000183,0.000143,8.38e-05,0.000112,0.000148,1.76e-05,6.44e-05,3.2e-05,2.69e-05,0.000169,0.00104,1.84e-05,0.000638,109466,MCI-Other
0.000285,0.00185,0.000908,0.0102,0.000237,0.00153,7.08e-06,0.0179,0.00102,0.00184,0.00136,0.000836,0.00116,5.02e-06,1.96e-05,0.000632,1.9e-05,5.57e-05,0.000188,0.000231,0.00602,0.000946,3.32e-05,0.000303,1.36e-05,1.3e-05,0.000167,0.00358,0.0254,0.000579,0.00134,0.00281,0.000183,2.13e-06,0.00289,0.00231,0.000295,0.000118,0.000206,0.00108,0.000454,0.00844,3.54e-05,5.64e-06,0.00116,0.00134,0.0131,0.0208,0.00117,0.000411,8.76e-05,0.00283,6.63e-05,0.000207,0.000102,0.00503,6.52e-05,0.000259,0.000235,8.11e-05,2.99e-05,0.000598,0.0252,0.000821,0.000345,6.16e-05,1.83e-06,0.00359,3.71e-05,0.00202,4.84e-05,4.33e-05,0.000333,0.000779,0.00164,0.00241,1.44e-05,0.000232,1.2e-06,0.000827,3.5e-05,0.000754,0.00114,0.00244,0.000766,0.00011,7.05e-05,0.00073,0.00307,0.000587,0.0305,7.25e-06,0.000624,6.88e-05,8.75e-05,0.00723,8.09e-05,6.59e-05,1.65e-06,0.00105,6.58e-05,0.00034,1.27e-05,9.16e-05,1.79e-05,0.000119,0.000284,2.18e-05,0.000245,0.000122,0.000185,0.00013,3.71e-05,3.72e-05,1.19e-05,0.00156,4.12e-05,0.000798,4.07e-05,0.00036,0.000537,4.92e-05,0.000587,7.06e-05,0.503,2.47e-05,0.000159,0.000563,3.97e-05,0.000102,0.000315,0.000167,0.000184,0.00111,4.09e-05,0.000509,0.000463,9.93e-05,9.01e-05,0.000474,4.21e-07,1.06e-05,0.00037,0.000123,0.000112,0.000177,2.58e-05,8.35e-05,0.000219,0.000498,0.00107,6.27e-05,0.000351,3.42e-05,0.000108,0.000198,0.000231,0.000115,8.1e-05,7.89e-05,2.15e-05,0.000112,2.41e-05,1.8e-05,1.97e-05,0.000961,3.2e-05,0.000442,100834,MCI-Other
0.000304,0.0015,0.00102,0.00987,0.000175,0.00204,1.33e-05,0.0185,0.000852,0.00161,0.00151,0.0011,0.000598,1.39e-05,1.7e-05,0.000603,8.31e-06,5.78e-06,0.000209,0.000146,0.00705,0.0012,2.82e-05,0.000259,5.35e-06,1.94e-06,0.000139,0.00291,0.0195,0.000274,0.00162,0.00391,3.46e-05,3.58e-05,0.00412,0.00219,0.00022,7.09e-05,0.000223,0.00109,0.000347,0.00576,3.08e-05,1.19e-05,0.00107,0.000707,0.0162,0.0189,0.00147,0.000642,0.000105,0.00239,4.89e-05,0.000219,0.000288,0.00392,0.000112,0.000345,0.000469,5.17e-05,4.34e-05,0.000515,0.0341,0.000591,0.000221,0.00015,3.05e-06,0.00299,4.43e-05,0.00239,3.04e-05,3.86e-05,0.000369,0.0015,0.00144,0.00207,3.37e-05,0.000194,1.26e-05,0.000214,2.64e-05,0.00077,0.00091,0.00265,0.000821,9.5e-05,8.24e-05,0.000863,0.00218,0.000593,0.0311,1.78e-05,0.000381,2.07e-05,0.000152,0.00431,0.000142,6.76e-05,3.11e-05,0.00125,5.96e-05,0.000338,7.19e-05,0.000441,1.08e-05,0.000124,0.000594,2.18e-05,6.26e-05,0.000178,0.000245,0.000248,1.32e-05,9.62e-05,1.71e-05,0.00168,3.33e-05,0.00041,1.38e-05,5.43e-05,0.000366,9.37e-05,0.000518,6.19e-05,0.496,0.000243,0.000306,0.000588,5.09e-05,1.71e-05,0.000198,0.000201,0.000191,0.00208,2.98e-05,0.000674,0.000342,7.9e-05,9.03e-05,0.00024,2.09e-06,1.3e-05,0.000198,1.79e-05,6.51e-05,0.000182,2.46e-05,0.00012,0.00152,0.00181,0.000631,5.73e-05,0.00037,7.18e-06,0.000105,0.00023,0.000138,7.58e-05,7.75e-05,1.75e-05,8.28e-06,5.66e-05,2.43e-05,1.47e-05,5.44e-05,0.00105,6.75e-06,0.000496,108558,MCI-Other
0.00027,0.00333,0.00127,0.0169,0.000209,0.00182,5.56e-06,0.0119,0.000622,0.0021,0.00123,0.00116,0.000721,5.24e-06,9.84e-06,0.000449,1.83e-05,6.55e-05,0.000211,0.000155,0.00785,0.0018,6.09e-05,0.000305,1.52e-05,5.65e-06,0.000112,0.00342,0.0283,0.000388,0.00151,0.00277,2.27e-05,2.17e-05,0.00297,0.00247,0.00026,3.82e-05,0.00046,0.00115,0.000435,0.00808,3.45e-05,8.61e-06,0.00144,0.000554,0.00444,0.0141,0.00112,0.00057,3.32e-05,0.0028,4.25e-05,0.000135,0.000205,0.00366,0.000227,0.000245,0.00033,0.000138,7e-05,0.000416,0.048,0.000725,0.000315,0.000139,2.98e-06,0.00419,2.63e-05,0.00194,3.04e-05,7.29e-05,0.000382,0.00155,0.00105,0.00286,4.68e-05,0.000163,1.02e-05,8.25e-05,5.98e-05,0.00049,0.000901,0.00233,0.000508,2.37e-05,0.000121,0.000569,0.00352,0.000211,0.011,3.22e-05,0.000359,0.000126,0.000178,0.00467,7.76e-05,3.91e-05,4.98e-05,0.00108,0.000102,0.00206,1.62e-05,8.13e-05,1.1e-05,0.000143,0.000423,2.51e-05,0.000118,8.5e-05,0.000314,0.00029,1.1e-05,8.39e-05,8.73e-05,0.00203,4.84e-05,0.000539,1.63e-05,0.00013,0.000392,9.74e-05,0.000244,1.65e-05,0.566,0.000413,9.67e-05,0.000539,2.34e-05,1.85e-05,0.000321,0.000104,0.000336,0.00127,4.3e-05,0.00077,0.000365,3.44e-05,0.000361,0.000138,3.11e-07,2.67e-05,0.000309,1.6e-05,8.93e-05,0.00033,3.42e-05,9.6e-05,0.000193,0.000175,0.00045,6.03e-05,0.000372,8.38e-06,0.000183,0.000206,7.36e-05,7.43e-05,7.77e-05,6.78e-06,6.26e-06,6.84e-05,6.77e-05,1.55e-05,0.000118,0.00106,1.47e-05,0.00037,100883,MCI-Other
0.000344,0.00267,0.00112,0.0126,0.000152,0.00154,9.61e-07,0.0159,0.000929,0.00228,0.00102,0.000856,0.000888,7.04e-06,5.4e-06,0.000659,3.16e-05,5.95e-05,0.000189,0.000131,0.0071,0.00108,2.77e-05,0.000239,7.8e-05,1.16e-05,0.000108,0.00356,0.0296,0.000443,0.00143,0.00285,5.05e-05,3.37e-05,0.00279,0.00226,0.000126,0.000102,0.000282,0.00101,0.000441,0.00581,2.7e-05,2.42e-06,0.000962,0.00111,0.00212,0.0136,0.000794,0.00076,4.8e-05,0.00305,5e-05,0.000306,0.000439,0.00522,9.46e-05,0.000283,0.000713,4.91e-05,4.86e-06,0.000395,0.0488,0.000483,0.000228,0.000109,4.86e-06,0.00362,3.87e-05,0.00211,3.66e-05,3.81e-05,0.000244,0.00155,0.000729,0.00221,4.11e-05,0.00016,4.59e-06,0.0011,3.59e-05,0.000538,0.000479,0.00245,0.000639,5.81e-05,7.38e-05,0.000855,0.00331,0.000857,0.0124,1.11e-05,0.000252,8.42e-06,8.29e-05,0.00437,8.52e-05,5.25e-05,7.45e-06,0.00113,0.000271,0.00032,1.32e-05,0.00061,0.000146,0.000204,0.000602,2.5e-05,0.000134,0.000108,0.000118,0.000178,1.88e-05,4.86e-05,2e-05,0.00196,2.98e-05,0.000533,0.000113,0.000148,0.000567,0.000288,0.000406,0.000217,0.556,0.000424,9.18e-05,0.000245,4.92e-05,0.000126,0.000116,0.000128,0.000261,0.000749,6.38e-07,0.00112,0.000303,8.66e-06,0.000189,0.000209,2.63e-07,1.68e-05,0.000143,2.15e-05,0.000159,0.000293,1.18e-05,4.1e-05,0.00175,0.000317,0.00116,1.01e-05,0.000339,5.89e-05,0.000254,0.000216,6.89e-05,7.12e-05,0.000106,2.52e-05,8.78e-06,0.000141,4.98e-05,2.31e-05,2.3e-05,0.00113,1.53e-05,0.000422,106531,MCI-Other
0.000377,0.00331,0.00124,0.0181,5.22e-05,0.00233,1.09e-06,0.0198,0.00196,0.00212,0.00153,0.00155,0.00106,1.67e-05,6.86e-06,0.000773,4.51e-05,8.68e-05,0.000268,0.000224,0.00879,0.00143,3.62e-05,0.000352,1.41e-05,1.17e-05,0.000237,0.00573,0.0275,0.00112,0.00303,0.00386,7.09e-06,3.67e-05,0.0034,0.00271,0.000138,0.00028,0.000611,0.000743,0.000657,0.00912,5.19e-05,4.26e-06,0.00147,0.000828,0.00331,0.0254,0.00165,0.000609,0.000196,0.00394,0.000213,0.000317,0.000206,0.00826,0.000142,0.000292,0.000882,5.32e-05,1.17e-05,0.000296,0.0679,0.00115,0.000224,0.000146,1.78e-05,0.00541,4.48e-05,0.00293,4.16e-05,0.000225,0.000866,0.00131,0.000917,0.00414,3.23e-05,0.000242,8.32e-06,0.00144,4.81e-05,0.00117,0.000629,0.0032,0.00105,5.21e-05,0.000118,0.000665,0.00369,0.00103,0.0256,4.46e-05,0.000782,0.000127,0.000263,0.00269,0.000129,6.38e-05,5.42e-06,0.00163,2.66e-05,0.000368,1.78e-05,0.00013,1.53e-05,0.000167,0.000646,1.53e-05,0.000224,0.000182,0.000401,0.000265,2.61e-05,5.9e-05,2.62e-05,0.00198,6.22e-05,0.000563,2.46e-05,0.000208,0.000646,0.000192,0.000854,8.93e-05,0.354,0.000692,0.000122,0.000733,7.03e-05,3.57e-05,0.000133,0.000168,0.000157,0.000849,1.66e-06,0.000957,0.000571,4.12e-05,0.000128,0.000139,7.65e-07,1.74e-05,0.000214,4.02e-05,0.000194,0.000454,3.79e-05,9.03e-05,0.00174,0.00138,0.000701,8.5e-05,0.000398,1.43e-05,0.000264,0.000211,0.000195,6.25e-05,9.93e-05,0.000197,3.25e-05,0.000111,3.94e-05,1.04e-05,0.000164,0.00124,3.61e-05,0.000786,106389,MCI-Other
0.000437,0.00179,0.00107,0.0108,0.000241,0.0018,1.08e-05,0.0259,0.000818,0.00112,0.00153,0.00115,0.000915,1.1e-05,2.05e-05,0.000467,2.17e-05,3.1e-05,0.0002,0.000164,0.00521,0.000982,2.19e-05,0.00018,1.99e-06,1.08e-06,0.000147,0.00214,0.0274,0.000383,0.00191,0.00458,3.52e-05,3.98e-05,0.00268,0.00185,0.000203,0.000113,0.000277,0.00148,0.000444,0.00581,3.7e-05,4.22e-06,0.000697,0.00104,0.0265,0.0133,0.00103,0.00066,8.23e-05,0.00238,7.9e-05,0.000377,0.000109,0.00658,8.02e-05,0.000262,0.000348,7.71e-05,4.1e-05,0.000632,0.0311,0.000531,0.000215,0.000123,1.29e-05,0.00372,4.23e-05,0.00191,4.21e-05,0.00018,0.000242,0.00103,0.00137,0.00218,2.24e-05,0.000161,2.1e-06,0.000707,3.15e-05,0.000984,0.00109,0.00341,0.000452,3.1e-05,2.56e-05,0.000781,0.00266,0.000418,0.0291,2.65e-05,0.000379,1.31e-05,0.000382,0.00369,9.48e-05,8.28e-05,1.15e-05,0.00184,2.95e-05,0.000377,6.08e-05,0.000262,1.02e-05,1.08e-05,0.000512,3.31e-05,0.000222,0.000143,0.000129,0.000609,2.5e-05,0.000109,0.000189,0.00164,8.95e-05,0.000554,9.68e-05,0.000207,0.000658,8.28e-05,0.000436,1.44e-05,0.444,6.43e-05,7.7e-05,0.000557,8.81e-05,6.49e-05,0.000116,0.000102,0.000105,0.00125,4.71e-05,0.000577,0.000428,5.14e-05,5.13e-05,0.000148,4e-07,9.43e-06,0.000313,2.31e-05,0.000191,0.000233,3.49e-05,4.53e-05,0.000208,0.000387,0.000461,4.75e-05,0.000395,7.04e-06,0.000116,0.000175,0.000166,0.000194,8.36e-05,3.46e-05,4.8e-06,0.000108,3.29e-05,1.05e-05,4.45e-05,0.000701,3.7e-05,0.000383,110404,MCI-Other
0.000331,0.00243,0.000859,0.0105,0.000158,0.00156,6.67e-07,0.0144,0.00102,0.00211,0.00103,0.00159,0.000914,6.06e-06,6.93e-05,0.000377,4.19e-05,6.58e-05,0.000142,0.000143,0.00755,0.00114,2.93e-05,0.000256,8.81e-06,7.06e-06,0.000127,0.00345,0.023,0.000414,0.00147,0.00287,1.83e-05,3.27e-05,0.00296,0.0022,0.000192,0.000166,0.000289,0.000693,0.000334,0.0055,4.34e-05,2.05e-06,0.00173,0.0012,0.005,0.0147,0.000935,0.000618,0.000155,4.02e-05,3.38e-05,0.000209,0.000263,0.00587,8.63e-05,0.000112,0.000433,4.96e-05,3.57e-05,0.000428,0.0435,0.000762,0.000124,0.000112,1.5e-05,0.00306,4.69e-05,0.00192,3.15e-05,4.54e-05,0.000335,0.00157,0.000909,0.00215,1.6e-05,0.000143,2.39e-05,0.000785,2.61e-05,0.000586,0.000718,0.00246,0.000572,0.000107,9.09e-05,0.000534,0.00319,0.000764,0.0214,2.2e-05,0.00046,1.14e-05,0.000173,0.00309,9.83e-05,4.45e-05,4.76e-05,0.00127,8.6e-05,0.000361,8.91e-05,0.000499,7.69e-05,0.000193,0.000264,0.000197,0.000178,9.16e-05,0.000132,0.000379,1.73e-05,0.000108,0.000103,0.00231,3.52e-05,0.000644,6.83e-06,0.000269,0.000244,5.23e-05,0.000463,7.34e-05,0.549,0.000478,9.33e-05,0.000394,3.77e-05,7.02e-05,0.00023,0.000123,0.000432,0.00104,3.88e-05,0.000894,0.000474,7.22e-05,0.000169,0.000621,1.75e-06,3.97e-06,0.000307,3.18e-05,6.71e-05,0.000218,3.46e-05,0.000116,0.00168,0.000328,0.000635,4.02e-05,0.000253,5.4e-05,7.96e-05,0.000154,0.000135,7.36e-05,9.46e-05,3.48e-05,1.79e-05,5.26e-05,2.83e-05,3.37e-05,2.69e-05,0.000903,1.75e-05,0.000434,110579,MCI-Other
0.000362,0.00205,0.00139,0.00994,0.000154,0.00224,7.16e-05,0.0238,0.000897,0.00159,0.00102,0.00108,0.00114,1.1e-05,1.18e-05,0.000544,2.1e-05,6e-05,0.000413,0.000167,0.00935,0.000813,3.48e-05,0.00041,2.68e-06,1e-05,0.000125,0.00349,0.0245,0.000335,0.00272,0.00259,4.93e-05,3.22e-05,0.00307,0.00213,0.00015,0.000144,0.000234,0.00084,0.000336,0.0046,3.98e-05,3.98e-06,0.000768,0.000607,0.00173,0.0191,0.000724,0.000751,4.68e-05,0.00203,5.01e-05,0.000359,0.000322,0.00447,4.4e-05,0.000197,0.000763,6.41e-05,2.66e-05,0.000478,0.047,0.000713,0.000133,2.31e-05,2.89e-06,0.0029,8.81e-05,0.00236,3.09e-05,3.29e-05,0.000316,0.00099,0.000889,0.00241,3.97e-05,0.000162,1.43e-05,0.00034,2.09e-05,0.000546,0.000752,0.0022,0.000725,0.000104,0.000112,0.000536,0.00189,0.000137,0.0254,2.16e-05,0.000264,2.19e-05,0.000143,0.00413,7.79e-05,7.41e-05,3.49e-05,0.00131,0.000212,0.000357,1.64e-05,0.000166,0.000129,9.19e-06,0.000349,2.65e-05,0.000173,0.000167,0.000313,0.000437,2.46e-05,0.000121,0.000134,0.00145,3.14e-05,0.000466,1.51e-05,0.000286,0.000304,5.55e-05,0.000617,8.77e-05,0.537,3.75e-05,0.000117,0.000444,2.35e-05,8.71e-05,0.00024,0.000165,0.000141,0.00109,8.29e-06,0.000849,0.000325,3.01e-05,0.000113,0.000148,3.22e-07,1.21e-05,0.00026,2.21e-05,0.000123,0.000275,2.92e-05,5.14e-05,0.000153,0.000144,0.00088,5.36e-05,0.000347,7.89e-06,0.000122,0.000179,0.000217,9.99e-05,7.69e-05,7.76e-05,1.81e-05,7.74e-05,3.74e-05,1.95e-05,0.000118,0.000775,5.12e-06,0.000536,110073,MCI-Other
0.000145,0.000949,0.000654,0.00684,0.000157,0.00242,2.3e-05,0.0128,0.000492,0.00144,0.000728,0.0012,0.000631,2.11e-05,1.14e-05,0.000919,8.5e-06,5.69e-05,0.000376,0.000135,0.0055,0.000718,2.19e-05,0.000258,4.36e-06,4.47e-06,0.000199,0.0029,0.0142,0.000713,0.00114,0.00288,3.86e-05,2.16e-05,0.0019,0.00276,0.000114,0.000364,0.000347,0.000755,0.000367,0.00518,4.58e-05,3.58e-06,0.00106,0.00136,0.0178,0.0104,0.0007,0.000365,7.02e-05,1.98e-05,4.23e-05,0.000332,9.92e-05,0.00438,0.000148,0.000194,0.000254,3.75e-05,1.36e-05,0.000133,0.0242,0.000343,0.000127,0.000116,7.39e-07,0.0021,3.23e-05,0.00128,3.9e-05,0.000103,0.000541,0.000551,0.000863,0.00163,3.23e-05,0.000123,4.6e-06,0.000374,2.89e-05,0.000416,0.000695,0.00135,0.00111,3.01e-05,7.08e-05,0.000706,0.0016,0.000631,0.0157,1.17e-05,0.00033,4.34e-05,0.000126,0.00435,0.000192,2.07e-05,4.91e-06,0.000598,4.38e-05,0.000488,2.92e-05,0.000156,3.88e-05,4.8e-05,0.000624,8e-06,8.43e-05,9.84e-05,0.000259,0.000948,3.45e-05,6.32e-05,2.03e-05,0.00131,9.52e-05,0.000456,4.24e-05,0.000182,0.000231,6.69e-05,0.000358,1.25e-05,0.465,0.000236,9.08e-05,0.000199,4.23e-05,2.13e-05,0.000255,0.00039,0.000174,0.00112,3.36e-05,0.000929,0.000473,0.000194,0.000244,0.000168,1.31e-06,1.87e-05,0.000168,0.000186,5.32e-05,0.000154,6.47e-06,9.6e-05,9.37e-05,0.00136,0.0005,3.13e-05,0.000248,3.38e-05,0.000117,0.000164,0.000219,8.15e-05,9.77e-05,5.81e-05,2.21e-05,0.00011,2.64e-05,3.19e-05,0.000102,0.000608,5.05e-06,0.000496,107080,MCI-Other
0.000275,0.00276,0.000972,0.0138,0.000262,0.00184,2.72e-06,0.0184,0.00174,0.00221,0.00128,0.00136,0.000961,7.79e-06,9.79e-06,0.000522,2.62e-05,9.2e-05,0.000222,0.000162,0.0129,0.000899,3.04e-05,0.000829,6.5e-06,9.13e-06,0.000221,0.00486,0.0375,0.000469,0.00229,0.00386,2.79e-05,3.52e-05,0.00351,0.00334,0.000426,0.000115,0.000372,0.00105,0.000625,0.00957,5.62e-05,4.55e-06,0.00111,0.00038,0.00648,0.0204,0.00111,0.000452,0.000165,0.0044,0.000101,0.000356,0.000223,0.00631,0.000143,0.000303,0.000273,2.24e-05,1.74e-05,0.000216,0.059,0.000822,0.000192,0.000107,1.79e-05,0.00455,3.24e-05,0.00261,3.42e-05,0.000173,0.000317,0.00127,0.000812,0.00368,3.58e-05,0.00017,2.06e-06,0.000362,8.41e-05,0.000468,0.00102,0.00247,0.000679,5.38e-05,0.000138,0.000592,0.00396,0.00095,0.0196,4.13e-05,0.000561,5.38e-05,0.000526,0.00842,6.04e-05,3.36e-05,6.73e-06,0.00114,7.45e-05,0.000262,1.53e-05,0.00015,0.000205,0.000164,0.000409,0.000163,3.12e-05,0.000207,0.000361,0.000512,1.3e-05,6.66e-05,0.000135,0.00195,0.000111,0.000413,0.000105,0.000147,0.000446,8.76e-05,0.000725,4.82e-05,0.442,0.000128,0.000122,0.000476,2.83e-05,0.00014,0.000238,8.78e-05,0.000622,0.00119,4.98e-05,0.00158,0.000456,1.68e-05,0.000474,0.000728,2.72e-06,3.27e-05,0.000661,1.65e-05,0.000121,0.000355,2.32e-05,6.95e-05,0.00025,0.000357,0.000915,5.98e-05,0.000584,2.35e-05,0.000189,0.00024,0.000165,6.89e-05,9.25e-05,1.78e-05,8.95e-06,0.000111,3.51e-05,4.73e-06,2.12e-05,0.00172,3.33e-05,0.000456,107461,MCI-Other
0.000319,0.00216,0.00114,0.0106,0.000276,0.00289,3.61e-06,0.0156,0.000767,0.00184,0.00131,0.00125,0.00099,8.84e-06,9.95e-06,0.000563,1.8e-05,8.5e-05,0.000154,0.000186,0.0086,0.000977,3.7e-05,0.000282,2.09e-05,3.97e-06,0.000236,0.00302,0.0186,0.000611,0.00158,0.0037,3.8e-05,2.55e-05,0.00187,0.00272,0.000283,0.000189,0.00041,0.000714,0.000437,0.00734,3.62e-05,5.21e-06,0.00113,0.00108,0.00565,0.0141,0.00104,0.00049,3.35e-05,0.00318,0.00019,0.000425,0.000143,0.00634,0.000114,0.000241,0.000513,0.000123,3.17e-05,0.000428,0.0255,0.000832,0.000419,3.53e-05,7.11e-06,0.00357,7.49e-05,0.00203,3.36e-05,0.000159,0.000429,0.000717,0.000709,0.00277,2.58e-05,0.000178,1.85e-05,0.000948,5.08e-05,0.000592,0.000757,0.00233,0.000648,1.02e-05,0.000101,0.00047,0.0018,0.000792,0.0186,3.62e-05,0.000569,9.84e-05,0.000137,0.00617,8.42e-05,6.21e-05,1.21e-05,0.000975,9.83e-05,0.000336,0.000117,0.000479,2.47e-05,0.000128,0.000492,0.000166,9.47e-05,0.000107,0.000411,0.000249,1.6e-05,9.07e-05,2.47e-05,0.00198,5.99e-05,0.000391,8.14e-05,0.000204,0.000688,0.000164,0.00045,8.6e-05,0.552,8.66e-05,0.000286,0.000323,3.6e-05,0.000115,0.000158,0.00026,0.000447,0.000847,0.000103,0.000721,0.0005,0.000102,0.000137,0.00022,3.05e-07,1.43e-05,0.000318,2.46e-05,0.000132,0.000263,4e-05,7.89e-05,0.000331,0.000213,0.000807,2.18e-05,0.00032,1.26e-05,0.00017,0.000248,0.000116,0.000118,7.21e-05,2.51e-05,1.81e-05,7.8e-05,8.52e-05,3.46e-05,1.82e-05,0.0014,2.94e-05,0.000829,103293,MCI-Other
0.000342,0.00286,0.000944,0.0123,0.000171,0.00166,9.41e-06,0.0091,0.000767,0.00234,0.00103,0.00108,0.000461,5.39e-06,2.09e-05,0.000444,3.19e-05,6.24e-05,0.000182,0.000113,0.00729,0.000814,4.52e-05,0.000346,1.77e-06,4.66e-06,0.000112,0.00297,0.0254,0.000473,0.0013,0.00292,5.51e-05,6.06e-06,0.00244,0.00234,9.48e-05,0.000161,0.0003,0.000982,0.000271,0.00674,5.61e-05,1.88e-05,0.000828,0.000824,0.00246,0.0122,0.00078,0.000583,9.35e-05,0.00265,6.28e-05,0.000205,0.000457,0.00488,0.000136,0.000181,0.000373,4.35e-05,6.77e-05,0.000336,0.0479,0.000455,0.000161,0.000146,1.35e-05,0.00357,3.73e-05,0.00176,3.02e-05,0.000163,0.00037,0.00178,0.00081,0.00217,3.61e-05,0.000185,6.48e-06,0.000274,3.07e-05,0.000485,0.000385,0.00225,0.000512,8.59e-05,4.93e-05,0.00072,0.00383,0.000139,0.00775,2.72e-05,0.000246,4.9e-05,3.4e-05,0.00379,0.000156,5.84e-05,1.13e-05,0.000967,0.000199,0.000213,0.000107,0.000594,1.6e-05,0.000175,0.000279,0.000144,9.5e-05,9.79e-05,0.000339,0.000201,2.19e-05,0.000143,2.08e-05,0.00244,0.000101,0.000429,0.000144,0.000121,0.000173,0.00014,0.00027,6.09e-05,0.592,3.96e-05,0.000129,0.000312,6.79e-06,1.7e-05,0.000243,0.000124,0.000287,0.00104,2.1e-06,0.00109,0.000449,3.55e-05,0.000268,0.000103,5.99e-07,1.77e-05,0.000209,9.9e-05,0.000126,0.000367,2.01e-05,3.49e-05,0.000223,0.000156,0.000956,4.48e-05,0.000316,1.42e-05,0.000157,0.000188,8.66e-05,6.68e-05,5.91e-05,2.64e-05,9.09e-06,7.86e-05,4.49e-05,3.17e-05,1.67e-05,0.00124,1.68e-05,0.000441,106583,MCI-Other
0.000374,0.00307,0.00154,0.0143,0.000244,0.0016,4.89e-06,0.0153,0.000716,0.0019,0.00167,0.00106,0.000879,2.06e-06,2.45e-05,0.000561,1.73e-05,5.79e-05,0.000186,0.000358,0.00721,0.000998,5.99e-05,0.000342,8.85e-06,3.15e-06,0.000145,0.00215,0.0315,0.000359,0.00237,0.00379,2.25e-05,3.56e-05,0.00337,0.00179,9.86e-05,6.22e-05,0.000354,0.00111,0.000376,0.0111,4.13e-05,7.08e-06,0.00117,0.00098,0.0019,0.0164,0.00135,0.00063,0.000117,0.00256,0.000119,0.000324,0.000122,0.00477,0.000134,0.00027,0.00064,0.000112,5.6e-05,0.000422,0.0465,0.000557,0.000124,0.000122,8.68e-07,0.00397,7.53e-05,0.00248,3.11e-05,0.000181,0.00045,0.00108,0.00138,0.00207,4.24e-05,0.000216,8.02e-06,0.000289,5.15e-05,0.000799,0.000524,0.00328,0.000646,6.94e-05,5.21e-05,0.000533,0.00312,0.000109,0.0191,3.65e-05,0.000618,6.69e-05,0.000201,0.00656,0.000138,7.48e-05,4.53e-06,0.00138,0.000158,0.00029,4.25e-05,0.000545,1.73e-05,7.05e-05,0.00031,1.43e-05,0.000231,0.000161,0.000251,0.000265,4.72e-05,8.59e-05,0.000119,0.00235,8.91e-05,0.000679,1.47e-05,0.00025,0.000214,0.00013,0.000386,7.6e-05,0.485,0.000555,0.00017,0.000488,2.77e-05,0.000175,0.000311,0.000187,0.000408,0.000889,4.82e-05,0.000947,0.000575,4.91e-05,0.000299,0.000125,2.64e-06,1.09e-05,0.000344,2.42e-05,0.000158,0.000385,1.87e-05,5.09e-05,0.00102,0.000808,0.000884,1.03e-05,7e-05,1.41e-05,0.00013,0.000253,0.000153,0.000176,7.94e-05,1.28e-05,1.82e-05,0.00016,2.93e-05,4.19e-05,1.83e-05,0.00106,2.41e-05,0.000629,104251,MCI-Other
0.000208,0.00221,0.000589,0.0139,0.000242,0.00147,1.19e-05,0.0117,0.00121,0.00265,0.000915,0.00146,0.000683,6.18e-06,1.56e-05,0.000586,1.97e-05,8.04e-05,0.000194,0.000159,0.00923,0.00174,1.87e-05,0.000294,9.98e-06,5.03e-06,0.000289,0.0042,0.0194,0.000598,0.00145,0.00343,3.53e-05,3.65e-05,0.0024,0.00335,0.000146,0.000105,0.000359,0.00138,0.000506,0.00738,3.3e-05,2.58e-06,0.00106,0.00188,0.0145,0.0118,0.000832,0.000657,0.000108,0.00348,2.38e-05,0.000416,0.000348,0.00687,8.49e-05,0.000215,0.000851,4.66e-05,1.58e-05,0.000182,0.0281,0.00144,0.000306,5.71e-05,1.63e-06,0.00363,2.11e-05,0.0022,4.13e-05,4.7e-05,0.000377,0.00111,0.00119,0.00373,3.91e-05,0.000138,1.42e-05,0.000901,2.02e-05,0.000509,0.000812,0.00192,0.000844,5.19e-05,4.88e-05,0.000604,0.00373,0.00083,0.018,2.27e-05,0.000232,0.000103,0.000241,0.00337,0.000229,5.48e-05,8.55e-06,0.00108,0.000128,0.000352,3.57e-05,0.000711,9.29e-06,0.000263,0.000596,1.68e-05,0.000271,0.000128,0.000321,0.000767,3.15e-05,0.00011,0.000149,0.00168,8.3e-05,0.000576,5.14e-05,0.000569,0.000318,9.14e-05,0.000548,5.15e-05,0.455,0.000299,0.000365,0.000765,5.98e-05,6.42e-05,0.000259,0.000167,0.000147,0.000573,4.41e-05,0.00106,0.000642,5.68e-05,0.000123,0.000369,2.59e-06,1.85e-05,0.000362,3.68e-05,0.000153,0.000445,3.87e-05,0.000149,0.00147,0.000477,0.000833,7.17e-06,0.00054,6.4e-05,0.000229,0.00023,0.000106,5.38e-05,0.000101,2.11e-05,2.9e-05,0.000108,9.62e-05,3.16e-05,5.15e-05,0.000751,2.94e-05,0.000292,102434,MCI-Other
0.000201,0.0017,0.000655,0.0111,0.0002,0.00212,6.57e-07,0.00773,0.000722,0.00214,0.0011,0.00118,0.000846,6.34e-06,2.23e-05,0.000496,7.31e-06,6.71e-05,0.000194,0.000227,0.00738,0.00119,3.36e-05,0.000221,8.32e-05,1.16e-05,0.000154,0.00242,0.0295,0.000698,0.0015,0.00345,1.4e-05,3.21e-05,0.0024,0.00253,0.000232,0.000119,0.000597,0.000786,0.000553,0.00801,4.03e-05,4.17e-06,0.000781,0.00116,0.00664,0.0118,0.000839,0.000416,9.68e-05,0.00222,2.69e-05,0.000322,0.000209,0.00567,0.0001,0.000246,0.000551,5.33e-05,1.77e-05,0.000221,0.028,0.000649,0.000173,0.000129,6.75e-07,0.00302,3.03e-05,0.00212,5.64e-05,5.77e-05,0.00031,0.000937,0.00089,0.00219,2.58e-05,0.000135,8.09e-06,0.000838,2.82e-05,0.00048,0.000743,0.00206,0.000612,5.75e-05,3.43e-05,0.000325,0.00348,0.000165,0.0164,2.73e-05,0.000374,0.000129,0.00019,0.00603,0.000152,3.96e-05,1.48e-05,0.000707,0.000155,0.000256,6.99e-05,6.95e-05,4.29e-05,0.000158,0.000144,2.3e-05,0.000228,0.00013,0.000273,0.00024,2.03e-05,5.9e-05,9.9e-05,0.00148,8e-05,0.00031,0.000107,0.000223,0.000518,8.65e-05,0.000419,5.91e-05,0.557,4.5e-05,0.000263,0.000411,2.04e-05,2.14e-05,0.000183,0.000113,0.000394,0.00193,4.33e-05,0.000818,0.000348,5.13e-05,0.000167,0.000191,6.91e-06,1.47e-05,0.000192,1.84e-05,0.000132,0.000239,3.17e-05,3.86e-05,0.000132,0.000262,0.00115,4.41e-05,0.000336,1.54e-05,0.000109,0.000197,0.00015,7.51e-05,7.2e-05,9.94e-05,2.34e-05,0.00014,1.93e-05,1.41e-05,7.96e-05,0.000786,1.85e-05,0.000425,102721,MCI-Other
0.00035,0.0028,0.00139,0.0123,0.000231,0.00236,6.82e-06,0.0136,0.000812,0.00122,0.00123,0.000808,0.00113,3.02e-06,1.16e-05,0.000411,2.49e-05,7.08e-05,0.000193,0.000115,0.00795,0.0012,4.52e-05,0.00026,8.43e-05,9.39e-06,0.000133,0.0016,0.0231,0.000343,0.00254,0.00405,3.5e-05,4.41e-05,0.00349,0.00175,0.000199,9.04e-05,0.000444,0.00152,0.000356,0.0064,4.7e-05,5.02e-06,0.000814,0.000401,0.00539,0.0163,0.00105,0.000994,8.44e-05,3.12e-05,8.67e-05,0.000402,0.000219,0.00597,5.82e-05,0.00043,0.000317,6.35e-05,1.82e-05,0.000496,0.0428,0.000308,0.000251,6.94e-05,5.04e-06,0.00274,6.85e-05,0.00176,5.09e-05,8.58e-05,0.000484,0.000979,0.0011,0.00161,3.09e-05,0.000187,8.43e-06,0.0009,6e-05,0.000871,0.00102,0.00301,0.000531,9.67e-05,7.43e-05,0.000669,0.00228,0.000127,0.0167,3.58e-05,0.000375,1.32e-05,0.000176,0.00345,7.04e-05,6.62e-05,2.86e-06,0.00108,0.000125,0.000291,6.78e-05,0.00038,2.62e-05,0.00013,0.000584,4.01e-05,0.000245,0.000115,0.000227,0.000239,1.7e-05,8.6e-05,8.95e-05,0.00158,0.000107,0.000415,1.61e-05,0.000387,0.000672,8.69e-05,0.000219,3.44e-05,0.527,3.75e-05,4.14e-05,0.000567,2.18e-05,8.65e-05,0.000224,0.000194,0.000334,0.00209,4.26e-05,0.000928,0.000692,6.83e-05,9.83e-05,0.000177,2.44e-06,1.62e-05,0.000306,1.39e-05,0.000174,0.000175,2.33e-05,6.4e-05,0.000298,0.000204,0.00111,2.43e-06,0.00025,5.32e-05,0.000116,0.000251,0.000138,7.31e-05,6.63e-05,9.01e-05,1.81e-05,5.82e-05,3.79e-05,2.41e-05,0.000117,0.00144,5.01e-05,0.000641,107282,MCI-Other
0.000335,0.00421,0.00103,0.018,0.000293,0.00223,4.26e-06,0.0122,0.00092,0.00274,0.0013,0.0016,0.000806,1.75e-05,2.51e-05,0.000758,3.21e-05,8.6e-05,0.000186,0.000226,0.011,0.00197,7.83e-05,0.000462,3.24e-05,3.25e-06,0.000168,0.00312,0.0271,0.000543,0.00259,0.00309,1.49e-05,2.84e-06,0.00278,0.00344,0.000203,5.81e-05,0.000329,0.00094,0.000434,0.00697,3.86e-05,9.78e-06,0.00167,0.000686,0.00817,0.0146,0.00123,0.000429,5.68e-05,0.00475,0.000103,0.000426,0.000342,0.00657,0.000119,0.000266,0.000729,0.000133,2.01e-05,0.000466,0.0483,0.000829,0.000261,4.8e-05,5.69e-06,0.00398,4.65e-05,0.00225,3.96e-05,8.42e-05,0.000462,0.0014,0.000664,0.00339,3.76e-05,0.000168,1.52e-05,0.00135,8.65e-05,0.000672,0.000917,0.00217,0.000643,6.8e-05,7.34e-05,0.000692,0.00397,0.000896,0.00925,4.46e-05,0.000614,6.04e-05,0.000186,0.00544,0.00018,3.81e-05,6.1e-05,0.00102,0.000275,0.00266,0.000136,0.000629,0.000111,3.28e-05,0.000531,3.86e-05,5.75e-05,0.000155,0.000144,0.000327,2.77e-05,0.000119,2.59e-05,0.00164,0.000171,0.000571,0.000108,0.000388,0.000609,7.56e-05,0.000522,0.000142,0.521,5.22e-05,0.000216,0.000393,2.53e-05,3.33e-05,0.000513,0.000181,0.0006,0.000983,4.39e-05,0.00127,0.000283,2.52e-05,0.000245,0.000129,2.57e-06,2.18e-05,0.000222,2.24e-05,0.00021,0.000421,4.36e-05,0.000147,0.00015,0.000234,0.00101,5.82e-05,0.000796,2.88e-05,6.56e-05,0.000218,0.000128,4.39e-05,0.000137,0.000153,1.37e-05,7.98e-05,6.01e-05,4.03e-05,2.06e-05,0.00114,3.98e-05,0.000466,102037,MCI-Other
0.000212,0.00344,0.000641,0.0128,0.000299,0.00132,1.06e-05,0.0136,0.0011,0.0032,0.000936,0.00145,0.000558,3.95e-06,2.7e-05,0.000465,4.23e-05,5.72e-05,0.000134,0.000117,0.00879,0.00141,9.85e-05,0.000611,5.56e-05,9.34e-06,0.00012,0.00363,0.0396,0.000296,0.00107,0.00298,3.23e-05,7.24e-06,0.00271,0.00252,0.000222,7.49e-05,0.000124,0.00107,0.000823,0.00718,5.91e-05,9.91e-06,0.00182,0.000434,0.00378,0.0139,0.000731,0.000401,0.000108,0.0037,6.37e-05,0.000293,0.000439,0.00697,7.45e-05,0.000241,0.000503,4.85e-05,7.86e-06,0.000177,0.0445,0.000739,0.0002,9.42e-05,1.16e-06,0.00405,3.01e-05,0.00207,2.46e-05,2.9e-05,0.000468,0.00204,0.000557,0.00272,1.91e-05,9.22e-05,1.54e-05,9.56e-05,0.000122,0.000668,0.00229,0.00171,0.000468,6.88e-05,6.83e-05,0.000446,0.00409,9.55e-05,0.0122,3.5e-05,0.000802,4.87e-05,0.000163,0.0133,0.00012,4.78e-05,4.41e-06,0.000659,6.86e-05,0.000187,6.27e-05,0.000439,8.85e-06,1.91e-05,0.000396,2.26e-05,9.32e-05,0.000145,0.00014,0.000144,1.48e-05,7.52e-05,8.02e-05,0.00219,0.000135,0.00064,9.4e-06,0.000197,0.00105,8.82e-05,0.000412,4.72e-05,0.531,3.53e-05,0.000179,0.00034,2.44e-05,1.75e-05,8.95e-05,7.91e-05,0.000312,0.00184,6.79e-05,0.000782,0.000253,5.87e-05,8.92e-05,9.43e-05,2.32e-06,1.2e-05,0.00037,2.05e-05,0.000141,0.00024,1.23e-05,9.6e-05,0.000119,0.000239,0.00112,2.91e-05,0.00122,9.26e-06,5.73e-05,0.000128,0.000104,0.000103,5.28e-05,9.42e-06,1.41e-05,5.48e-05,2.18e-05,3.83e-05,4.41e-05,0.000696,5.79e-05,0.000378,108810,MCI-Other
0.000156,0.000714,0.000289,0.00641,0.00017,0.00323,4.33e-05,0.0127,0.000417,0.00104,0.00205,0.000663,0.00123,8.59e-06,3.49e-05,0.000794,2.52e-05,9.32e-05,0.000469,0.000278,0.0092,0.000585,2.95e-05,0.000232,4.58e-05,8.88e-06,0.000169,0.00115,0.0147,0.000568,0.00113,0.00396,8.34e-05,2.45e-05,0.00408,0.0027,8.26e-05,0.000109,0.00041,0.00179,0.00104,0.0103,7.83e-05,4.16e-06,0.00078,0.00137,0.0407,0.0123,0.00138,0.000527,5.81e-05,0.00207,4.41e-05,0.000199,0.000111,0.00391,7e-05,0.000434,0.000302,8.83e-05,2.04e-05,0.000233,0.0316,0.000734,0.00014,0.000206,7.26e-06,0.00441,3.04e-05,0.0024,3.46e-05,0.0001,0.000704,0.000689,0.00166,0.00141,3.71e-05,0.00027,3.69e-05,0.00047,1.67e-05,0.000998,0.000919,0.00211,0.00108,5.73e-05,8.29e-05,0.000836,0.00217,0.000253,0.0209,3.67e-05,0.000272,2.34e-05,8.49e-05,0.00199,0.000131,6.45e-05,4.97e-06,0.00237,0.000237,0.000305,2.62e-05,5.98e-05,1.8e-05,0.000119,0.000398,0.000234,6.85e-05,0.00015,0.000333,0.000208,2.47e-05,5.39e-05,8.49e-05,0.00137,3.08e-05,0.000395,6.67e-05,0.000345,0.000403,7.83e-05,0.000353,8.78e-06,0.415,1.54e-05,0.000113,0.000544,4.62e-05,0.000246,0.000145,0.000185,0.000238,0.000798,3.59e-05,0.000591,0.000775,4.6e-05,0.000136,0.000251,1.04e-06,9.98e-06,0.000186,2.65e-05,0.00012,0.000195,5.55e-05,5.93e-05,0.000795,0.000216,0.000803,4.11e-05,0.000138,2.32e-05,0.000133,0.000203,0.000145,2.54e-05,8.15e-05,1.8e-05,4.59e-06,0.000161,9.52e-06,1.2e-05,7.23e-05,0.000816,4.45e-05,0.000542,103698,MCI-AD
0.000293,0.00152,0.000631,0.00707,0.000118,0.00373,6.1e-05,0.0158,0.00105,0.000873,0.00283,0.000321,0.00142,8.18e-05,3.36e-05,0.000938,9.91e-06,7.16e-05,0.000623,0.000402,0.00848,0.000867,1e-05,0.000211,1.4e-05,5.6e-06,0.000329,0.00164,0.0143,0.000518,0.00194,0.00435,1.36e-05,3.3e-05,0.00436,0.0028,2.48e-05,0.000473,0.000369,0.00165,0.00114,0.00656,7.08e-05,1.45e-05,0.000759,0.00153,0.0163,0.0155,0.00298,0.00102,8.01e-05,0.00122,5.08e-05,0.000383,0.000148,0.0033,0.000115,0.000312,0.000278,0.000146,3.39e-05,0.000354,0.0358,0.000945,0.000223,0.000136,8.04e-06,0.00388,6.64e-05,0.00269,4.72e-05,9.63e-05,0.000761,0.00126,0.00222,0.00176,8.63e-06,0.000308,3.83e-05,0.000536,8.64e-05,0.00134,0.000488,0.00327,0.000781,3.98e-05,0.000137,0.00144,0.00167,0.00023,0.0204,2.26e-05,0.000284,2.4e-05,0.000188,0.0027,0.000202,0.00014,2.14e-05,0.00248,0.000615,0.000431,4.79e-05,0.000142,4.92e-06,9.65e-05,0.000198,3.96e-05,0.000281,0.000217,0.000438,0.000879,5.29e-05,0.000108,1.97e-05,0.00241,1.6e-05,0.000494,1.72e-05,0.00045,0.000291,7.93e-05,0.000848,1.97e-05,0.41,1.64e-05,0.000127,0.00042,3.37e-05,0.000104,0.000442,0.00051,0.000276,0.000978,3.17e-05,0.000616,0.000914,7.83e-05,0.000137,0.000164,6.17e-06,7.82e-06,0.000262,0.000222,0.000187,0.000509,4.4e-05,0.000353,0.000191,0.0022,0.000811,2e-05,0.000123,2.34e-05,8.96e-05,0.000204,9.93e-05,5.07e-05,5.04e-05,2.35e-05,1.09e-05,0.000111,2.19e-05,5.45e-05,0.000115,0.000989,1.86e-05,0.00065,107702,MCI-AD
0.000136,0.00116,0.00057,0.00818,2.36e-05,0.00344,4.88e-05,0.00825,0.00059,0.00161,0.00191,0.000968,0.00177,5.57e-06,6.62e-06,0.00106,1.33e-05,8.62e-05,0.000891,0.000148,0.0143,0.000462,2.41e-05,0.000216,8.09e-05,1.92e-05,0.000109,0.00196,0.024,0.000426,0.00136,0.0049,8.41e-05,2.65e-05,0.0044,0.00254,0.000105,0.000145,0.000512,0.00117,0.000473,0.00983,7.41e-05,1.11e-05,0.00167,0.000984,0.0144,0.0176,0.00169,0.000519,4.08e-05,0.00247,4.77e-05,0.000312,8.19e-05,0.00469,6.86e-05,0.000313,0.000302,8.66e-05,1.19e-05,0.000125,0.041,0.000569,0.00018,0.000137,2.82e-06,0.00442,2.34e-05,0.00253,1.29e-05,4.88e-05,0.00038,0.000897,0.00214,0.00203,2.39e-05,0.000332,4.86e-06,0.000367,3.84e-05,0.000954,0.000567,0.00231,0.000688,3.86e-05,0.00017,0.000749,0.00273,0.000476,0.0203,3.56e-05,0.000395,3.81e-05,0.000162,0.00539,0.000158,8.54e-05,8.22e-06,0.00168,0.000123,0.000226,2.02e-05,7.72e-05,5.04e-06,0.00014,0.000436,0.000175,6.27e-05,0.00018,0.000193,0.00034,2.56e-05,4.97e-05,7.55e-05,0.00166,5.4e-05,0.000416,1.71e-05,0.000154,0.000459,4.56e-05,0.000311,8.35e-06,0.47,0.000156,3.68e-05,0.00042,5.99e-05,1.93e-05,0.000189,0.000203,0.000435,0.00116,2.6e-05,0.000758,0.000542,1.98e-05,9.27e-05,0.000168,1.56e-06,1.47e-05,0.000188,1.55e-05,0.000105,0.000187,2.24e-05,0.00011,0.000494,0.00154,0.000598,3.14e-05,0.000193,1.21e-05,0.000126,0.000173,0.000124,0.000183,8.57e-05,1.58e-05,7.65e-06,0.000118,3.1e-05,1.04e-05,2.62e-05,0.00109,6.18e-05,0.000739,108726,MCI-AD
4.47e-05,0.000856,0.000382,0.00696,0.000125,0.00308,7.22e-06,0.00801,0.000432,0.00123,0.00161,0.000856,0.0012,5.08e-05,7.07e-05,0.000846,8.69e-06,8.21e-05,0.000225,0.000242,0.0112,0.00088,1.02e-05,0.000206,0.000145,1.95e-05,0.000116,0.00179,0.0186,0.000946,0.000857,0.00496,0.000134,2.85e-05,0.00404,0.00348,0.000129,9.3e-05,0.000437,0.0013,0.00104,0.00811,5.11e-05,2.4e-06,0.00066,0.00125,0.0314,0.0118,0.00151,0.000516,0.000102,0.00157,4.92e-05,0.000207,8.29e-05,0.0055,8.9e-05,0.000242,0.000335,8.29e-05,1.26e-05,0.00041,0.035,0.000999,0.000135,0.00015,4.28e-06,0.00483,4.9e-05,0.00261,3.49e-05,2.65e-05,0.000536,0.000781,0.000954,0.00149,2.16e-05,0.000183,3.2e-06,0.000517,3.9e-05,0.00077,0.000816,0.00194,0.000664,1.91e-05,0.000118,0.000737,0.00347,0.000393,0.0118,1.03e-05,0.000385,4.17e-05,5.62e-05,0.00614,0.000166,0.00015,5.1e-06,0.00133,9.46e-05,0.000436,3.23e-05,8.42e-05,2.14e-05,3.73e-05,0.00026,0.000225,0.000106,0.000124,0.000377,0.000388,1.54e-05,4.7e-05,1.26e-05,0.00145,2.53e-05,0.000464,2.32e-05,0.000178,0.000405,0.000128,0.000444,2.02e-05,0.479,6.78e-05,9.73e-05,0.000217,2.86e-05,0.000162,0.000398,0.000221,0.000259,0.000934,3.28e-05,0.000784,0.000758,3.19e-05,0.000143,0.000175,2.83e-07,1.39e-05,0.000169,1.71e-05,0.0038,0.000196,4.65e-05,5.61e-05,0.000135,0.00179,0.000663,3.62e-05,0.000249,1.86e-05,0.000112,0.000142,7.28e-05,1.9e-05,0.000106,3.17e-05,9.9e-06,0.000137,3.2e-05,1.22e-05,0.000122,0.000833,2.52e-05,0.000645,106022,MCI-AD
0.000135,0.000668,0.000907,0.00571,0.000112,0.00506,3.49e-05,0.00836,0.000599,0.000754,0.00243,0.000765,0.00184,4.85e-05,7.66e-05,0.0011,4.09e-06,0.000103,0.000337,0.000318,0.0142,0.00118,2.68e-05,0.000168,2.32e-05,1.8e-05,0.000181,0.00162,0.0174,0.000704,0.00188,0.00638,8.97e-05,3.98e-05,0.0066,0.0022,4.13e-05,0.000199,0.000225,0.00141,0.00036,0.00859,6.89e-05,1.2e-05,0.000483,0.00112,0.0147,0.0199,0.00223,0.000342,9.43e-05,0.00116,2.02e-05,0.00043,0.000132,0.0039,6.82e-05,0.000342,0.000611,9.9e-05,2.12e-05,0.000292,0.0395,0.000515,0.000109,0.0001,2.43e-05,0.00338,6.44e-05,0.00338,3.22e-05,5.88e-05,0.000253,0.000546,0.00368,0.00187,1.57e-05,0.000384,3.53e-06,0.000416,2.22e-05,0.0015,0.000498,0.00314,0.00116,4.74e-05,0.000173,0.000997,0.00241,5.07e-05,0.0302,3.55e-05,0.00035,1.45e-05,0.000126,0.00158,0.000293,0.000107,6.19e-06,0.00159,0.000123,0.000557,3.05e-05,0.000279,1.82e-05,3.17e-05,0.000484,4e-05,6.63e-05,0.000282,0.00039,0.000707,2.03e-05,3.79e-05,1.45e-05,0.00197,4.32e-05,0.000592,2.45e-05,0.000111,0.000339,6.01e-05,0.000269,3.65e-05,0.453,0.000179,0.000115,0.000561,4.13e-05,6.25e-05,0.000337,0.000298,0.000722,0.00204,4.69e-06,0.000669,0.000839,1.1e-05,0.000106,0.000361,1.93e-06,8.45e-06,0.0003,0.000194,8.67e-05,0.000367,2.73e-05,7.81e-05,0.000332,0.000279,0.00121,8.86e-05,0.000129,7.02e-06,0.000137,0.000193,0.000152,0.000222,5.4e-05,3.91e-05,3.38e-06,6.32e-05,4.49e-05,1.96e-05,4.06e-05,0.00116,3.12e-05,0.00087,105728,MCI-AD
0.000115,0.000551,0.000612,0.00652,0.000122,0.00432,1.18e-05,0.0111,0.000496,0.000702,0.00261,0.000718,0.00166,4.93e-05,0.00013,0.000991,4.23e-06,7.76e-06,0.000326,0.000385,0.0102,0.000607,1.97e-05,0.000204,3.3e-05,1.1e-05,0.000203,0.00168,0.0194,0.000309,0.00121,0.00488,3.39e-05,3.16e-06,0.00382,0.00454,0.000227,0.000344,0.000653,0.00221,0.000364,0.0141,6.28e-05,8.81e-06,0.000414,0.00154,0.026,0.013,0.00182,0.000494,7.59e-05,0.000548,9.46e-05,0.000271,0.00015,0.00415,4.68e-05,0.000554,0.000703,0.000189,1.47e-05,0.000588,0.0234,0.000847,0.000216,0.000106,1.81e-06,0.00453,4.84e-05,0.00367,3.45e-05,8.45e-05,0.000606,0.00108,0.00203,0.00186,3.12e-05,0.000356,1.53e-05,0.000414,1.7e-05,0.00125,0.000351,0.00243,0.000606,3.94e-05,0.00014,0.00106,0.00205,0.00039,0.0179,1.3e-05,0.000644,9.6e-06,8.43e-05,0.00169,0.000194,4.59e-05,1.88e-05,0.00165,4.48e-05,0.000421,0.0,0.000792,2.44e-05,9.6e-05,0.000192,1.64e-05,4.62e-05,0.000322,0.000472,0.000175,1.08e-05,5.23e-05,2.89e-05,0.00194,6e-05,0.000707,2.28e-05,0.000212,0.000366,0.000128,0.000492,2.59e-05,0.434,9.97e-05,0.000119,0.000753,2.43e-05,2.89e-05,0.000173,0.000583,0.000225,0.00194,2.55e-05,0.000552,0.000561,5.13e-05,0.000213,0.000304,3.53e-06,1.09e-05,0.000213,6.99e-05,0.00013,0.000139,4.86e-05,6.47e-05,0.000233,0.000302,0.00105,2.9e-05,0.000177,1.3e-05,6.76e-05,0.000154,6.66e-05,3.91e-05,6.86e-05,2.67e-05,7.69e-06,0.000207,3.49e-05,2.24e-05,6.11e-05,0.000693,1.65e-05,0.000697,100855,MCI-AD
0.000124,0.000481,0.000642,0.00593,0.000109,0.00402,2.73e-05,0.00954,0.000473,0.00112,0.00236,0.000633,0.00194,3.13e-05,2.61e-05,0.00105,7.15e-06,9.39e-05,0.0006,0.000286,0.0128,0.000641,1.44e-05,0.000145,0.000126,8.9e-06,0.000159,0.00214,0.0166,0.000877,0.00205,0.00523,1.95e-05,4.3e-05,0.00615,0.00348,0.000177,6.7e-05,0.000736,0.00156,0.00113,0.00892,5.76e-05,1.89e-06,0.000503,0.00136,0.025,0.0134,0.0016,0.000455,5.63e-05,0.00125,1.39e-05,0.000353,6.79e-05,0.00407,6.09e-05,0.000495,0.000355,0.000115,8.21e-06,0.000153,0.0264,0.000831,0.000174,9.34e-05,2.64e-05,0.00374,8.02e-05,0.00386,1.44e-05,0.000138,0.000336,0.000899,0.00282,0.00199,1.83e-05,0.000306,3.79e-05,0.000289,1.25e-05,0.00102,0.000399,0.00235,0.000784,2.86e-05,7.77e-05,0.00103,0.00244,0.000481,0.0215,4.8e-06,0.00032,2.17e-05,0.000119,0.00385,0.000172,0.000155,5.99e-06,0.00161,0.000239,0.00149,5.06e-05,5.11e-05,2.95e-05,9.83e-05,0.000513,2.89e-05,0.000234,0.000187,0.000245,0.000744,2.12e-05,3.16e-05,5.46e-05,0.00219,2.53e-05,0.000427,2.97e-05,0.000323,0.000685,5.02e-05,0.00031,2.08e-05,0.465,0.000101,5.81e-05,0.000233,3.78e-05,0.000253,0.000202,0.000252,0.000527,0.00166,1.37e-05,0.000583,0.000542,1.95e-05,0.000117,0.00135,2.2e-06,1.28e-05,0.000365,2.63e-05,0.000121,0.000126,2.39e-05,8.62e-05,0.000236,0.000299,0.000971,5.36e-05,0.000296,2.68e-05,0.000153,0.000173,0.000164,6.17e-05,5.09e-05,1.4e-05,2.13e-06,0.000202,3.42e-05,1.05e-05,0.000203,0.000997,2.01e-05,0.00078,106746,MCI-AD
0.000222,0.00119,0.000882,0.00655,0.000161,0.0028,2.75e-05,0.0113,0.000418,0.00102,0.00225,0.000587,0.00144,6.72e-06,4.89e-05,0.000557,2.08e-05,0.000128,0.000299,0.000159,0.00998,0.000594,1.38e-05,0.000244,0.000154,1.58e-05,0.000226,0.00112,0.0112,0.000296,0.0022,0.00397,2.11e-05,2.01e-05,0.00417,0.00271,6.76e-05,0.000331,0.000474,0.000932,0.000226,0.00833,4.24e-05,1.54e-05,0.000582,0.0013,0.0258,0.0103,0.00172,0.000536,4.24e-05,0.00147,3.04e-05,0.000225,0.000115,0.00415,0.000195,0.000207,0.000262,0.000109,1.05e-05,0.000214,0.0307,0.000878,0.000143,0.000127,8.41e-06,0.00352,5.29e-05,0.00245,4.53e-05,0.000132,0.000287,0.000547,0.00207,0.00115,3.28e-05,0.000328,2.27e-06,0.000312,1.24e-05,0.00129,0.000619,0.00268,0.000808,5.35e-05,8.93e-05,0.00116,0.0013,6.9e-05,0.0211,8.09e-06,0.000275,3.03e-05,0.00011,0.0026,0.000146,8.08e-05,9.73e-06,0.00197,0.000304,0.00527,1.99e-05,6.11e-05,2.4e-06,2.63e-05,0.00056,3.11e-05,6.28e-05,0.000221,0.000311,0.00037,2.73e-05,3.62e-05,0.0,0.00205,3.58e-05,0.000359,3.45e-05,0.000239,0.000397,6.69e-05,0.000197,1.61e-05,0.484,4.18e-05,3.94e-05,0.000807,2.22e-05,1.4e-05,0.000101,0.000425,0.000253,0.00141,2.31e-06,0.00052,0.000529,5.15e-05,0.000247,0.00013,3.08e-06,3.21e-06,0.000254,4.93e-05,0.000114,0.000153,9.15e-06,8.13e-05,0.000245,0.0014,0.000879,5.16e-05,0.00035,1.61e-05,0.000143,0.00017,0.000107,2.79e-05,5.62e-05,5.04e-05,2.77e-06,7.63e-05,2.4e-05,1.75e-05,6.87e-05,0.00116,2.72e-05,0.000632,103423,MCI-AD
0.000192,0.00111,0.00116,0.00927,0.000145,0.00402,1.6e-05,0.0102,0.000395,0.00114,0.00265,0.000842,0.00196,8.52e-06,2.97e-05,0.00169,1.09e-05,9.18e-05,0.000629,0.000267,0.0113,0.00111,2.16e-05,0.00018,0.000126,1.26e-05,0.000119,0.00124,0.0143,0.000584,0.00154,0.00534,2.93e-05,2.98e-05,0.00596,0.00203,8.69e-05,0.000154,0.000703,0.00146,0.000364,0.0122,6.21e-05,3.73e-06,0.000937,0.00128,0.00798,0.0181,0.00206,0.000442,7.31e-05,0.00142,5.67e-05,0.000141,0.000138,0.00374,9.28e-05,0.000372,0.000175,0.00017,1.39e-05,0.000597,0.061,0.00102,0.000146,0.000136,1.26e-06,0.00382,4.27e-05,0.003,6.03e-05,5.56e-05,0.000412,0.00105,0.00222,0.00168,1.59e-05,0.000384,3.52e-05,0.000553,2.13e-05,0.0012,0.000433,0.00402,0.00147,0.000102,9.44e-05,0.00113,0.00202,7.79e-05,0.0296,2.45e-06,0.000121,5.35e-05,0.000218,0.00198,0.000151,3.83e-05,3.21e-06,0.00186,8.09e-05,0.000538,4.3e-05,0.000322,2.08e-05,2.68e-05,0.00015,2.25e-05,0.000231,0.000193,0.000298,0.000667,4.09e-05,0.000133,2.92e-05,0.00241,4.72e-05,0.000596,0.00011,0.000321,0.000394,0.00011,0.000251,3.46e-05,0.417,0.000251,0.000167,0.000691,3.1e-05,1.59e-05,0.000238,0.000388,0.000541,0.0022,8.48e-06,0.000657,0.000764,5.19e-05,0.000132,0.000223,2.4e-06,6e-06,0.000255,0.000209,0.000301,0.000299,3.98e-06,6.37e-05,0.000285,0.000284,0.000703,5.75e-05,0.000433,1.3e-05,0.000158,0.00023,0.000151,4.71e-05,5.99e-05,2.38e-05,1.04e-06,0.000106,5.91e-05,1.64e-05,5.61e-05,0.00174,1.95e-05,0.000817,100112,MCI-AD
0.000119,0.000815,0.000589,0.00608,7.95e-05,0.00249,7.74e-06,0.00811,0.00036,0.000744,0.00193,0.000672,0.00126,6.07e-06,6.02e-05,0.000895,9.81e-06,0.000115,0.000161,0.000337,0.0103,0.000724,1.08e-05,0.000163,9.28e-06,2.26e-06,0.000261,0.00145,0.0142,0.00085,0.000829,0.00293,2.95e-05,1.17e-05,0.00407,0.0022,6.38e-05,0.000321,0.000214,0.00108,0.000349,0.0103,5.4e-05,2.65e-06,0.000427,0.00149,0.0205,0.00938,0.00126,0.00034,6.56e-05,0.000776,2.36e-05,0.000138,0.000117,0.00442,5.25e-05,0.000455,0.000458,3.33e-05,2.02e-05,0.000142,0.0214,0.000971,0.000117,0.000207,8.86e-06,0.00386,1.37e-05,0.00272,9.9e-06,0.000121,0.00051,0.000961,0.00119,0.00135,2.04e-05,0.000204,4.13e-06,0.00037,3.76e-05,0.00101,0.000283,0.0022,0.00122,4.47e-05,0.000119,0.00053,0.00135,0.00045,0.0121,4.05e-06,8.84e-05,1.8e-05,5.48e-05,0.00107,0.000175,3.82e-05,1.41e-05,0.00143,0.00031,0.00365,8.48e-06,7.62e-05,2.49e-05,1.04e-05,0.000158,5.21e-05,8.78e-05,0.000156,0.000448,0.000778,2.37e-05,2.01e-05,9.41e-05,0.00135,4.26e-05,0.000373,9.79e-06,0.000259,0.000175,0.000131,0.000399,3.24e-05,0.479,0.000127,8.35e-05,0.000302,1.04e-05,1.75e-05,0.00033,0.000258,0.00041,0.0017,8.92e-06,0.000689,0.000491,5.79e-05,0.000112,0.000164,5.23e-06,5.64e-06,0.00018,5.01e-05,0.00111,0.000168,2.29e-05,0.000111,0.000148,0.00189,0.000842,1.29e-05,0.000216,9.9e-06,9.57e-05,0.000139,9.55e-05,3.71e-05,6.41e-05,5.56e-06,1.24e-05,7.29e-05,2.32e-05,2e-05,7.25e-05,0.000746,2e-05,0.000709,100596,MCI-AD
8.79e-05,0.000977,0.000478,0.00724,0.000128,0.0027,5.23e-05,0.00836,0.00038,0.00142,0.00101,0.000981,0.000757,3.85e-05,7.11e-06,0.000852,5.41e-06,0.000101,0.000532,0.00028,0.0124,0.000935,1.65e-05,0.000275,1.96e-06,6.17e-06,0.00012,0.00288,0.023,0.000614,0.000899,0.00347,0.00011,5.66e-06,0.00332,0.00416,9.31e-05,0.000225,0.000146,0.000954,0.00114,0.00943,3.94e-05,2.71e-05,0.00121,0.00131,0.015,0.0148,0.00117,0.00037,6.53e-05,0.00197,3.07e-05,0.000137,8.31e-05,0.00475,8.65e-05,0.000255,0.000397,8.03e-05,1.3e-05,0.000412,0.0212,0.000802,0.000215,8.82e-05,3.15e-05,0.00507,1.21e-05,0.00215,2.45e-05,4.21e-05,0.000385,0.000781,0.00103,0.0021,2.13e-05,0.000191,5.93e-06,0.000456,3.17e-05,0.000606,0.000603,0.00146,0.000704,2.84e-05,0.00041,0.000602,0.00313,0.000479,0.0156,2.17e-05,0.000556,2.66e-05,8.76e-05,0.00352,9.96e-05,3.41e-05,5.72e-06,0.000916,0.000199,0.000269,4.32e-05,5.97e-05,1.05e-05,2.27e-05,0.000174,2.88e-05,8.82e-05,0.000141,0.000261,0.000446,3.62e-05,4.08e-05,9.2e-05,0.00123,3.8e-05,0.000424,2.56e-05,0.00036,0.000542,2.85e-05,0.000206,6.89e-05,0.518,0.000142,8.22e-05,0.000282,2.28e-05,0.000118,0.000228,0.000193,0.000281,0.000836,2.02e-05,0.000615,0.000384,2.94e-05,7.15e-05,0.000247,5.6e-07,1.66e-05,0.000204,2.98e-05,9.74e-05,0.000322,5.72e-06,5.11e-05,0.000377,0.00214,0.000656,3.98e-05,0.000125,1.68e-05,0.000132,0.000165,0.000118,7.86e-05,5.87e-05,7.74e-05,1.51e-05,9.01e-05,3.25e-05,1.18e-05,3.41e-05,0.000894,3.15e-05,0.000436,101960,MCI-AD
0.000228,0.00106,0.000739,0.01,0.000171,0.0015,3.68e-05,0.011,0.000789,0.00133,0.00154,0.00107,0.000543,5.82e-06,0.000138,0.000637,2.4e-05,6.98e-05,0.000289,0.000275,0.00625,0.000821,1.51e-05,0.000349,1.31e-05,1.74e-05,0.000172,0.00195,0.0197,0.000707,0.00156,0.00354,3.38e-05,9.46e-07,0.00186,0.00224,0.00017,0.000106,0.00111,0.000796,0.00118,0.00969,5.02e-05,3.32e-05,0.000657,0.00146,0.033,0.00977,0.000729,0.000514,6.6e-05,0.00179,9.96e-06,0.000127,8.34e-05,0.00616,0.000116,0.00036,0.000319,8.68e-05,7.41e-06,0.000301,0.0217,0.000632,0.000228,3.58e-05,4.25e-06,0.00736,2.65e-05,0.00182,4.12e-05,0.000121,0.000313,0.000987,0.000993,0.00127,2.66e-05,6.25e-05,1.12e-05,0.000421,1.1e-05,0.00167,0.000579,0.00213,0.00151,7.05e-05,2.44e-05,0.000475,0.00133,6.76e-05,0.0117,1.25e-05,0.000253,3.19e-05,0.000129,0.00203,0.00019,8.73e-05,1.92e-06,0.00128,3.28e-05,0.000189,2.72e-05,8.56e-05,1.18e-05,6.84e-05,0.00016,0.00023,3.09e-05,0.000168,0.00016,0.000365,0.00027,6.91e-05,1.91e-05,0.00123,5.24e-05,0.000507,0.000129,0.000141,0.000258,0.000151,0.000139,1.22e-05,0.428,4.04e-05,0.000137,0.000389,2.69e-05,0.000225,0.00023,0.000166,0.000225,0.000839,2.14e-05,0.000788,0.00105,2.84e-05,8.21e-05,0.00239,7.92e-06,1.81e-05,0.000126,3.07e-05,7.4e-05,0.000183,2.75e-05,2.64e-05,0.000693,0.000431,0.000757,5.2e-06,0.000421,1.09e-05,0.000153,0.000225,0.000219,5.81e-05,0.000122,3.03e-05,2.37e-06,0.000103,3.65e-05,1.16e-05,5.04e-05,0.000538,1.46e-05,0.000812,100145,MCI-AD
0.000163,0.00126,0.000749,0.00778,2.23e-05,0.00433,1.44e-05,0.0138,0.000754,0.000882,0.00277,0.000874,0.00184,3.64e-05,1.41e-05,0.00085,9.49e-06,8.08e-05,0.000382,0.000105,0.00956,0.000717,9.6e-06,0.000161,2.47e-05,8.28e-06,0.000212,0.00189,0.0178,0.00043,0.00253,0.00468,2.19e-05,4.16e-05,0.00525,0.00239,0.000206,0.000291,0.000818,0.00148,0.000336,0.01,5.14e-05,1.14e-06,0.00115,0.00103,0.0118,0.0217,0.002,0.000674,4.68e-05,0.00142,3.32e-05,0.000509,0.000121,0.00417,6.35e-05,0.00043,0.000285,0.000188,1.06e-05,0.000214,0.0369,0.00061,0.000141,0.000115,2.89e-05,0.00409,6.6e-05,0.00342,2.83e-05,5.67e-05,0.00033,0.000972,0.00209,0.00118,2.28e-05,0.000319,5.33e-06,0.000346,2.41e-05,0.00107,8.61e-05,0.00253,0.000748,6.12e-05,0.000173,0.000943,0.00261,0.000416,0.0327,3.8e-05,0.000443,3.34e-05,0.00019,0.00349,0.000185,9.99e-05,1.03e-05,0.00164,0.000303,0.000342,3.88e-05,9.01e-05,6.82e-06,0.000113,0.000301,1.43e-05,8.1e-05,0.000213,0.000231,0.000246,2.4e-05,7.6e-05,8.65e-05,0.00187,7.96e-05,0.00041,2.41e-05,0.000518,0.000193,3.91e-05,0.00055,1.58e-05,0.437,0.000106,7.43e-05,0.000384,1.89e-05,0.000112,0.000593,0.000252,0.000428,0.0018,2.52e-05,0.000549,0.000473,4.22e-05,0.000209,0.000195,2.52e-06,8.35e-06,0.000182,1.55e-05,0.000127,0.000103,3.98e-05,0.000109,0.000229,0.000232,0.000789,5.88e-05,0.000215,2.39e-05,0.000167,0.000258,0.000149,3.49e-05,6.03e-05,6.36e-05,1.23e-05,6.28e-05,1.77e-05,2.91e-05,4.45e-05,0.00119,2.68e-05,0.000634,104804,MCI-AD
0.000108,0.000964,0.000392,0.00818,2.36e-05,0.00326,4.47e-05,0.00787,0.000559,0.00187,0.00188,0.000847,0.00126,7.84e-06,4.57e-05,0.000553,8.41e-06,0.000103,0.000497,0.000391,0.0133,0.000882,2.31e-05,0.000249,0.000168,1.77e-05,0.000288,0.00296,0.0253,0.000661,0.00119,0.00405,0.000142,9.63e-06,0.00345,0.00366,6.12e-05,0.000109,0.000349,0.00138,0.000964,0.00946,6.63e-05,3.19e-05,0.00113,0.00178,0.0055,0.0189,0.00139,0.00045,8.07e-05,0.00239,3.23e-05,0.000287,0.000189,0.00588,9.68e-05,0.000404,0.00033,0.000243,1.79e-05,0.000131,0.0243,0.00123,0.000234,0.000106,4.06e-05,0.00485,6.55e-05,0.00256,4.06e-05,0.000152,0.000823,0.000837,0.00171,0.00268,2.4e-05,0.000317,6.59e-06,0.000389,1.07e-05,0.000877,0.000521,0.00217,0.000878,6.06e-05,0.000182,0.000676,0.00333,0.000434,0.0175,4.83e-05,0.000487,7.28e-05,0.000125,0.00205,0.000246,0.000147,1.11e-05,0.00101,0.000415,0.00396,3.26e-05,0.000623,4.16e-05,0.000166,0.000232,4.49e-05,7.67e-05,0.000246,0.000373,0.00079,0.000106,6.03e-05,6.28e-05,0.0012,0.000109,0.000656,5.14e-05,0.000339,0.00042,5.07e-05,0.000444,3.94e-05,0.446,0.000167,0.000157,0.000353,9.39e-05,4.8e-05,0.000234,0.000202,0.000505,0.00261,1.16e-05,0.000744,0.000449,4.55e-05,0.000145,0.000473,5.18e-06,2e-05,0.000306,2.53e-05,0.00305,0.000258,3.54e-05,9.26e-05,0.000273,0.000371,0.000803,8.91e-05,0.000205,2.29e-05,0.00015,0.000237,0.000187,3.73e-05,5.79e-05,4.53e-05,2.68e-05,0.000161,3.92e-05,2.55e-05,1.48e-05,0.00151,2.98e-05,0.00101,100111,MCI-AD
0.000144,0.00112,0.000553,0.00846,4.45e-05,0.00231,4e-06,0.0112,0.000631,0.00169,0.00153,0.001,0.00145,1.63e-05,6.3e-05,0.00117,1.12e-05,7.16e-05,0.000242,0.000256,0.00945,0.000768,1.68e-05,0.000184,8.5e-05,1.17e-05,0.000175,0.00264,0.0209,0.000746,0.00157,0.00361,0.000126,3.68e-05,0.00313,0.00372,0.000127,0.00023,0.000676,0.00138,0.000385,0.0115,5.9e-05,1.06e-06,0.000815,0.00138,0.00421,0.0134,0.00119,0.000465,6.1e-05,0.00196,8.38e-05,0.000209,0.000412,0.00587,6.36e-05,0.000352,0.000326,0.000139,1.22e-05,0.000122,0.027,0.000599,0.000115,0.000102,2.91e-05,0.00437,3.57e-05,0.00302,3.28e-05,5.62e-05,0.000369,0.00103,0.000862,0.00245,2.85e-05,0.000166,5.03e-06,0.000631,2.59e-05,0.000834,0.000505,0.00221,0.000216,6e-05,0.00013,0.000574,0.00317,0.000642,0.013,2.23e-05,0.000514,6.12e-05,0.000204,0.00276,0.000197,8.67e-05,4.33e-06,0.0016,9.25e-05,0.000217,4.3e-05,0.000691,1.3e-05,5.81e-06,0.000594,0.000216,0.00014,0.000176,0.00037,0.000306,0.000167,1.38e-05,2.25e-05,0.00167,0.000123,0.000313,8.86e-05,0.000316,0.000372,4.5e-05,0.000424,6.51e-05,0.528,0.000152,9.96e-05,0.000419,0.000114,2.39e-05,0.000485,0.000167,0.000694,0.000768,1.19e-05,0.000813,0.000462,3.82e-05,0.000118,0.000187,7.15e-06,1.33e-05,0.000167,7.67e-05,5.29e-05,0.00021,2.88e-05,9.75e-05,0.000239,0.000254,0.000734,4.41e-05,0.000459,3.05e-05,0.000123,0.000198,0.000143,5.55e-05,7.42e-05,1.16e-05,2.05e-05,0.000109,3.33e-05,2.57e-05,0.000188,0.000915,3.24e-05,0.000529,104726,MCI-AD
0.000142,0.00104,0.000269,0.00772,0.000131,0.00319,5.41e-05,0.0108,0.00103,0.00166,0.00154,0.000742,0.00189,3.85e-05,8.75e-05,0.000717,1.06e-05,0.000105,0.000196,0.000188,0.0128,0.000818,1.59e-05,0.000239,1.15e-05,1.88e-05,0.000282,0.0029,0.0217,0.000532,0.00127,0.00445,1.87e-05,1.12e-05,0.00347,0.00384,0.000425,0.000135,0.000653,0.0019,0.00105,0.00795,4.22e-05,3.08e-05,0.00128,0.00142,0.00485,0.0149,0.0011,0.000613,4.37e-05,0.00242,7.89e-05,0.000291,0.000385,0.00637,7.13e-05,0.000231,0.000279,0.000172,1.53e-05,0.000392,0.0269,0.000594,0.000192,5.07e-05,4.39e-06,0.00442,2.45e-05,0.00267,2.82e-05,5.45e-05,0.000716,0.00151,0.00121,0.00314,2.84e-05,0.000205,1.05e-05,0.000553,4.58e-05,0.000815,0.000717,0.00199,0.00109,3.14e-05,0.000155,0.00072,0.00359,0.000536,0.0174,9.85e-06,0.00035,1.05e-05,0.000228,0.000861,9.18e-05,3.52e-05,4.32e-06,0.00161,0.000176,0.00507,1.59e-05,0.000191,1.56e-05,3.87e-05,0.000529,1.7e-05,3.51e-05,0.000168,0.000291,0.00056,3.04e-05,5.39e-05,0.000108,0.00129,9.19e-05,0.000504,1.13e-05,0.000179,0.000469,0.00017,0.00034,1.98e-05,0.483,0.00033,0.000159,0.000205,0.000105,0.000216,0.00022,0.000136,0.000669,0.00203,2.62e-05,0.000867,0.000861,2.15e-05,0.000156,0.000203,3.19e-06,2.04e-06,0.000197,2.17e-05,0.000157,0.000238,7.77e-06,0.000252,0.000164,0.000339,0.000596,3.45e-05,0.000258,3.01e-05,5.94e-05,0.000255,0.000145,7.4e-05,8.21e-05,3.02e-05,2.22e-05,0.000109,2.76e-05,1.02e-05,2.69e-05,0.000603,4.53e-05,0.000624,105438,MCI-AD
0.000116,0.00101,0.000273,0.00779,8.48e-05,0.00206,3.65e-05,0.0103,0.000439,0.00164,0.00135,0.000768,0.00108,5.43e-06,4.67e-05,0.00096,4.01e-06,0.000131,0.00029,0.000209,0.0129,0.00113,1.56e-05,0.000415,1.31e-05,1.34e-05,0.000334,0.00364,0.0379,0.000611,0.000961,0.00312,0.000196,2.63e-05,0.00311,0.00624,0.000101,0.000171,0.000173,0.000852,0.00117,0.0119,5.14e-05,3.64e-05,0.00127,0.00148,0.00449,0.0101,0.00094,0.000362,5.54e-05,0.00186,1.48e-05,0.000145,0.000344,0.00596,4.66e-05,0.000221,0.000352,8.09e-05,1.6e-05,9.85e-05,0.0369,0.000921,0.000164,3.39e-05,2.12e-05,0.0062,2.18e-05,0.00244,2.43e-05,7.58e-05,0.000824,0.00115,0.000858,0.00244,2.45e-05,0.000156,1.63e-05,0.000328,2.48e-05,0.000672,0.000582,0.00103,0.000415,3.65e-05,5.17e-05,0.000473,0.00439,0.00041,0.00919,1.98e-05,0.000452,3.01e-05,0.00013,0.00214,0.000137,2.61e-05,6.51e-06,0.00102,7.22e-05,0.000349,2.55e-05,0.000574,9.71e-06,4.31e-05,0.000216,2.28e-05,8.08e-05,0.000127,0.000121,0.000477,6.51e-05,5.41e-05,2.65e-05,0.00134,1.82e-05,0.000309,1.41e-05,0.000255,0.00021,6.12e-05,0.00035,5.02e-05,0.514,0.000128,7.05e-05,0.000242,8.34e-05,3.12e-05,0.000161,7.61e-05,0.000339,0.00121,2.66e-06,0.000785,0.000487,6.89e-06,0.000113,0.000107,4.94e-06,1.97e-05,0.000166,3.87e-05,0.000155,0.000243,2.73e-05,0.000206,0.000569,0.00157,0.000779,2.23e-05,0.000531,1.95e-05,0.000173,0.000192,0.000112,9.91e-05,6.69e-05,6.12e-06,5.89e-07,6.5e-05,4.3e-05,1.09e-05,0.000168,0.000606,3.19e-05,0.000471,105080,MCI-AD
9.63e-05,0.00111,0.000274,0.00837,2.28e-05,0.00205,7.63e-06,0.00993,0.000447,0.00222,0.000834,0.00134,0.000692,5.49e-06,3.63e-05,0.000496,1.58e-05,7.95e-05,0.000181,0.000202,0.0103,0.00111,2.32e-05,0.000191,4.21e-05,9.19e-06,0.000172,0.00343,0.0239,0.000892,0.000726,0.00272,1.95e-05,1.93e-06,0.00262,0.00376,0.000146,0.000282,0.00046,0.000839,0.00131,0.00811,3.65e-05,6.07e-06,0.00117,0.000105,0.0128,0.0103,0.000573,0.000337,5.95e-05,0.00249,2.92e-05,0.000176,7.44e-05,0.00487,4.8e-05,0.00016,0.000269,6.34e-05,1.61e-05,7.2e-05,0.0229,0.00121,0.000167,0.00012,1.94e-05,0.00501,1.91e-05,0.00258,3.69e-05,6.39e-05,0.000576,0.000719,0.000861,0.00259,3.46e-05,0.000125,1.15e-05,0.00044,2.28e-05,0.000727,0.000823,0.00102,0.000663,2.97e-05,4.01e-05,0.000487,0.00289,0.000469,0.0114,1.35e-05,0.000452,1.41e-05,0.000214,0.00598,0.00021,0.000116,3.15e-06,0.000741,3.89e-05,0.000201,2.07e-05,5.54e-05,5.97e-06,2.72e-05,0.000508,2.41e-05,7.42e-05,0.00017,0.000238,0.000256,3.09e-05,3.35e-05,7.36e-05,0.0013,4.32e-05,0.000668,2.33e-05,0.000165,0.000301,0.000131,0.000309,2.56e-05,0.561,0.000117,6.65e-05,0.000221,1.69e-05,0.000167,0.000299,8.71e-05,0.000357,0.00117,3.32e-05,0.0011,0.000749,2.18e-05,0.000106,0.000129,4.12e-07,1.44e-05,0.000256,2.93e-05,0.000145,0.00043,5.06e-05,0.000192,0.000582,0.00021,0.000461,2.32e-05,0.00028,3.2e-05,0.000153,0.000146,9.96e-05,9.74e-05,5.58e-05,6.43e-06,1.49e-05,9.96e-05,4.03e-05,9.04e-06,0.000161,0.000502,3.4e-05,0.000437,109901,MCI-AD
8.18e-05,0.00096,0.000219,0.00824,7.92e-05,0.00199,3.93e-05,0.00917,0.00051,0.00152,0.00108,0.000893,0.00105,1.5e-05,7.08e-05,0.0013,7.25e-06,7.81e-05,0.000212,0.000273,0.00973,0.000727,2.38e-05,0.000167,0.0001,1.95e-05,0.000154,0.00364,0.0203,0.000857,0.000757,0.00323,3.21e-05,2.6e-05,0.0031,0.00313,9.99e-05,0.000263,0.000784,0.000827,0.000365,0.00915,5.42e-05,1.62e-05,0.000872,0.000924,0.00538,0.00812,0.000782,0.000361,4.41e-05,0.00141,4.43e-05,0.000299,9.69e-05,0.00464,5.32e-05,0.000227,0.000195,7.12e-05,3.04e-05,0.000314,0.0344,0.000664,0.000196,7.31e-05,3.15e-05,0.00466,2.8e-05,0.00227,1.86e-05,6.51e-05,0.000644,0.00077,0.00102,0.00256,2.66e-05,0.000163,5e-06,0.000364,3.06e-05,0.000594,0.000629,0.00144,0.000613,3.52e-05,7.36e-05,0.000478,0.00334,0.000499,0.011,2.83e-05,0.000406,4.49e-05,0.0002,0.00746,0.000127,0.000133,3.09e-06,0.000844,7.02e-05,0.000298,2.19e-05,8.74e-05,2.46e-06,2.87e-05,0.000341,0.000146,0.000148,0.000177,0.000164,0.000452,2.41e-05,8.74e-05,1.58e-05,0.00121,7.61e-05,0.000388,9.55e-06,0.000139,0.000213,0.000109,0.00056,3.34e-05,0.582,0.000143,9.84e-05,0.000236,1.26e-05,0.000202,0.000565,0.000164,0.000643,0.00106,4.51e-05,0.000711,0.000381,9.66e-06,9.93e-05,0.000127,1.42e-06,1.54e-05,8.77e-05,2.39e-05,9.64e-05,0.000282,3.03e-05,0.0002,0.000233,0.000209,0.000592,3.92e-05,0.00026,1.92e-05,0.000135,0.000137,0.000113,0.000115,2.65e-05,2.7e-05,2.83e-05,3.28e-05,1.43e-05,1.21e-05,2.66e-05,0.000827,4.55e-05,0.00045,109089,MCI-AD
0.000107,0.000977,0.000362,0.00452,2.89e-05,0.00201,7.22e-05,0.00671,0.000578,0.000931,0.00175,0.000597,0.000735,2.84e-05,1.47e-05,0.000664,8.33e-06,7.11e-05,0.000291,0.000249,0.00657,0.000558,2.14e-05,0.000133,1.07e-05,3.16e-06,0.000378,0.00222,0.016,0.00053,0.00136,0.00352,9.93e-05,3.89e-06,0.00177,0.00188,8.52e-05,0.000328,0.00107,0.00108,0.000388,0.00766,4.47e-05,7.35e-06,0.000792,0.00127,0.0356,0.0098,0.000988,0.000387,7.26e-05,0.00157,1.3e-05,0.000237,9.81e-05,0.00334,5.63e-05,0.000187,0.000438,6.87e-05,1.34e-05,0.000449,0.0217,0.000516,0.000137,0.000258,8.23e-05,0.0032,2.29e-05,0.00189,5.3e-05,7.13e-05,0.000298,0.000766,0.00109,0.00186,4.1e-05,0.000165,1.12e-05,0.000421,2.51e-05,0.000806,0.000558,0.000929,0.00129,2.29e-05,9.74e-05,0.000317,0.00233,0.000324,0.0143,2.34e-05,0.00037,2.1e-05,7.96e-05,0.00379,8.51e-05,5.12e-05,5.51e-06,0.000791,0.000265,0.000284,3.19e-05,0.000106,1.02e-05,5.35e-05,0.000545,0.000247,2.88e-05,0.000145,0.000824,0.00024,5.6e-05,5.2e-05,2.85e-05,0.00106,1.36e-05,0.000392,7.63e-05,0.000198,0.000492,5.06e-05,0.000501,5.73e-06,0.406,5.21e-05,0.000163,0.0004,0.000101,0.0001,0.000177,8.47e-05,0.000337,0.000851,2.97e-05,0.000472,0.000298,4.71e-05,7.38e-05,0.00127,1.97e-06,9.02e-06,0.000119,1.82e-05,0.00012,0.000169,6.82e-05,5.39e-05,0.0002,0.0019,0.0004,2.19e-05,0.000425,6.42e-06,5.17e-05,0.000154,0.000103,5.43e-05,4.63e-05,1.19e-05,9.98e-07,0.000175,2.44e-05,1.91e-05,3.65e-05,0.000553,2.57e-05,0.000557,103176,MCI-AD
0.000103,0.000781,0.000717,0.00567,0.000189,0.00256,5.02e-05,0.00846,0.000515,0.00102,0.00158,0.00062,0.00146,2.23e-05,1.82e-05,0.00062,1.17e-05,7.48e-05,0.000247,0.000298,0.00651,0.000739,2.03e-05,0.00012,0.00012,1.19e-05,0.000245,0.0017,0.0145,0.000726,0.00081,0.0037,0.00012,2.7e-05,0.00286,0.00229,0.000146,9.54e-05,0.000457,0.000859,0.00111,0.00814,4.37e-05,1.17e-05,0.000684,0.00122,0.0364,0.0133,0.000843,0.000505,0.000109,0.00164,3.26e-05,0.000339,8.92e-05,0.00354,9.94e-05,0.000389,0.00036,7.52e-05,1.01e-05,0.000477,0.0194,0.000814,0.000267,0.00019,6.46e-06,0.0028,2.94e-05,0.00243,7.28e-06,7.51e-05,0.000576,0.000595,0.00107,0.00145,2.22e-05,0.000254,1.91e-05,0.000553,2.62e-05,0.000735,0.000876,0.0014,0.00144,3.59e-05,7.84e-05,0.000556,0.0016,0.000318,0.0187,0.0,0.000393,1.19e-05,9.6e-05,0.00445,0.000271,4.77e-05,6.54e-06,0.000915,0.000208,0.000232,8.77e-05,0.000126,1.91e-05,2.03e-05,0.000467,0.000227,0.000103,0.000162,0.000155,0.000272,0.000176,0.000124,1.64e-05,0.00127,2.22e-05,0.00037,2.18e-05,0.000221,0.000253,6.07e-05,0.000306,0.000182,0.396,0.000117,0.000105,0.000199,0.000113,9.59e-05,0.00025,0.000133,0.000364,0.00159,5.03e-06,0.000399,0.000321,8.39e-06,5.75e-05,0.00088,1.96e-06,9.61e-06,0.000293,6.57e-05,0.000135,0.000197,6.58e-05,3.09e-05,0.000152,0.00203,0.00067,4.02e-05,0.000291,1.39e-05,0.000128,0.000143,0.000129,0.000127,7.18e-05,2.88e-05,8.28e-06,0.000103,2.17e-05,1.18e-05,5.27e-05,0.000866,2.65e-05,0.000463,102357,MCI-AD
0.000119,0.000596,0.000579,0.0044,0.00011,0.00377,4.39e-05,0.0132,0.0003,0.000965,0.0014,0.000317,0.000738,3.17e-05,2.63e-05,0.000742,3.19e-06,0.000148,0.000231,0.000377,0.00796,0.000706,1.5e-05,0.000215,0.000193,1.58e-05,0.000474,0.00163,0.0151,0.000475,0.00122,0.00489,0.000211,1.1e-06,0.00344,0.00155,0.000124,4.21e-05,0.000421,0.0014,0.00102,0.01,2.87e-05,2.64e-06,0.000649,0.0011,0.0359,0.0129,0.00209,0.000564,3.74e-05,0.00203,3.39e-05,0.000274,0.000151,0.00364,8.75e-05,0.00025,0.000152,2e-05,1.45e-05,0.00053,0.023,0.000681,8.48e-05,0.000253,8.18e-06,0.00322,2.56e-05,0.00186,2.72e-05,6.27e-05,0.000341,0.00099,0.00163,0.00152,4.37e-05,0.000346,1.05e-05,0.000305,2.18e-05,0.000939,0.000605,0.00158,0.00155,2.31e-05,0.00012,0.00132,0.00219,5.59e-05,0.0226,3.5e-06,0.000387,1.87e-05,9.74e-05,0.00168,0.000251,7.8e-05,1.13e-05,0.00112,0.000219,0.000344,3.97e-05,0.000104,4.24e-06,7.49e-05,0.000626,0.000325,7.27e-05,0.000275,0.000472,0.000505,1.84e-05,4.55e-05,4.03e-05,0.00126,6.69e-06,0.000433,1.61e-05,0.000699,0.000232,8.04e-05,0.000274,1.09e-05,0.344,6.58e-05,9.42e-05,0.000615,8.96e-05,2e-05,0.000144,0.000533,0.000358,0.00123,2.05e-05,0.000482,0.000428,9.47e-05,0.000177,0.00105,2.74e-06,2.42e-06,0.000227,3.57e-05,0.000156,0.000132,3.59e-05,5.31e-05,0.000217,0.000505,0.000518,2.87e-05,0.000258,2.18e-05,7.3e-05,0.000159,0.000101,7.22e-05,5.85e-05,6.02e-06,1.29e-06,0.00121,1.98e-05,1.15e-05,6.61e-05,0.00112,1.65e-05,0.00091,107362,MCI-AD
0.000401,0.00152,0.000869,0.00937,0.000201,0.00229,3.91e-06,0.0134,0.000698,0.00109,0.00177,0.000957,0.00122,7.57e-06,0.000164,0.000547,1.49e-05,7.46e-05,0.000231,0.000198,0.00828,0.000578,5.17e-05,0.000178,6.64e-06,9.13e-06,0.000262,0.00139,0.0167,0.000618,0.00175,0.00332,9.64e-05,5.61e-06,0.00459,0.0024,8.1e-05,0.000154,0.000284,0.00125,0.00075,0.00759,4.91e-05,3.55e-06,0.000689,0.000967,0.00334,0.0154,0.00145,0.000438,5.35e-05,0.00188,5.72e-05,0.000237,0.000259,0.00478,9.55e-05,0.000362,0.00029,7.07e-05,1.98e-05,0.000162,0.0479,0.000379,0.000163,7.56e-05,2.46e-05,0.00328,3.47e-05,0.00247,3.13e-05,2.59e-05,0.000429,0.00109,0.000905,0.00155,1.9e-05,0.00018,1.6e-05,0.000783,5.22e-05,0.000717,0.000586,0.00272,0.000764,4.72e-05,0.000124,0.000698,0.00197,0.000637,0.0114,2.1e-05,0.000284,4.14e-05,0.000482,0.00509,0.0002,5.04e-05,5.99e-06,0.00185,6.9e-05,0.000245,3.8e-05,7.31e-05,1.71e-05,9.84e-05,0.000298,2.95e-05,8.77e-05,0.000174,0.000197,0.000328,3.01e-05,6.02e-05,3.73e-05,0.00211,3.7e-05,0.000428,9.35e-05,0.000251,0.000295,8.4e-05,0.000269,2.12e-05,0.513,3.71e-05,0.00016,0.00065,1.11e-05,2.71e-05,0.000143,0.00024,0.000156,0.00144,4.62e-05,0.000829,0.000567,3.44e-05,0.000131,9.75e-05,1.6e-06,9.18e-06,0.000213,2.98e-05,0.000136,0.000181,4.28e-05,5.04e-05,0.000563,0.000267,0.000697,1.59e-05,0.00024,4.21e-06,0.000104,0.000191,0.000102,0.000292,4.23e-05,0.000104,6.99e-06,0.000263,2.48e-05,9.6e-06,0.000224,0.000716,2.42e-05,0.000519,109522,MCI-AD
