Code,Cluster,IBP7,FETUA,TTHY,A2GL,FBLN2,FINC,NBL1,PLTP,CH3L1,C1QC,HRG,APOL1,FHR1,SCG1,SODE,ANT3,APOA4,CO3,NPC2,EFNB3,C1S,KV230,ZA2G,KV127,RET4,ENPP2,LRP1,PON1,1433G,A1AG1,GELS,CBLN1,AACT,APOH,FGFR1,COMP,LV151,APOA1,VGF,DKK3,VASN,NRP2,PGS2,AMBP,RNAS4,GLYLB,KV106,COL12,IGLC2,SODC,A1BG,NID2,IGL1,SCG3,CO2,ALDOA,KLK6,KVD28,SE6L1,EPHA4,AFAM,CHRD,C1QT3,CBPB2,B2MG,TSP1,CBLN3,CAH1,ENDD1,CHAD,CD166,PLXB2,FBLN3,PRG4,ACTG,CLC11,AATM,ANGT,PPIB,PTPRZ,FBLN5,ITIH4,MYDGF,CO6A2,NNRE,CO6A3,LV39,H6ST3,A2MG,LG3BP,IL6RB,DPP2,HV315,B4GA1,SEM3G,NID1,KV133,CATD,IPSP,TRFE,KV113,BTD,CADH2,IGJ,MMP2,OMD,GAS6,CYTC,RNAS1,CO4A,TSP2,LV218,MRC2,EPDR1,PCOC1,DCC,LV310,CO6,CNTP5,TPP1,PHLD,TIMP2,VWF,CRAC1,KVD37,COFA1,CADM3,HPT,CD59,PIMT,CNDP1,CFAI,DNER,CNTN1,CSTN1,FIBA,CD048,SERC,SORL,HEP2,COIA1,IC1,GGCT,C1R,CATF,PTPRS,NRX2A,HEXA,LV208,HGFA,IMPA1,LDHA,LTBP1,CSPG4,MEGF8,RARR2,NRX1A,ACTS,RENR,CNTN6,ICAM5,LAMB1,CO6A1,APOB,SAP3
LIS-090,0,0.000367,0.00146,0.0207,0.000529,0.000486,0.00358,5.07e-05,0.00124,0.00131,0.0004,0.000966,2.68e-05,3e-05,9.15e-05,0.000655,0.00315,0.0017,0.0184,0.000281,3.31e-05,0.00178,0.000106,0.000902,5.79e-06,0.00112,0.002,0.000457,0.000486,1.67e-05,0.00197,0.00468,5.65e-05,0.0124,0.00243,3.1e-05,2.87e-05,3.36e-05,0.00611,6.5e-05,0.00194,0.000147,0.000293,0.000267,0.000415,1.95e-05,0.000152,2.14e-05,8.91e-06,2.52e-05,7.28e-05,0.00409,0.000412,0.000286,5.06e-05,0.0005,0.000381,0.00242,0.000479,0.00022,0.000202,0.00126,1.04e-05,9.57e-05,0.000217,0.000397,3.84e-05,3.48e-05,0.0001,0.000205,0.000196,0.000815,0.000284,0.00261,0.000218,9.94e-06,0.000242,4.14e-05,0.00768,0.000225,0.000788,8.13e-05,0.00113,0.000163,3.91e-05,1.43e-05,0.000364,8.76e-06,6.31e-07,0.00532,0.00137,0.00017,0.000221,8.49e-05,0.00206,0.00042,0.000383,0.000136,0.000966,0.000232,0.0468,6.16e-05,0.000461,9.37e-05,6.25e-06,0.000426,9.68e-06,0.00196,0.00359,0.00111,0.000881,1e-05,4.18e-05,0.000578,0.000352,0.000715,0.000146,0.000251,0.000418,4.09e-05,4.51e-05,0.000124,0.000474,5.98e-05,0.00162,0.000122,3.98e-06,0.00022,0.00511,4.39e-05,4.98e-05,0.00716,0.000369,1.17e-06,0.00165,0.00278,0.000924,0.000218,1.25e-05,0.000297,0.00157,0.000371,0.0041,9.37e-06,0.00066,0.000254,0.000216,0.00184,1.88e-05,5.19e-05,8.69e-05,5.01e-05,0.000276,1.82e-05,1.11e-05,0.00107,0.000112,0.000705,5.13e-05,0.000122,7.97e-05,0.000246,0.000317,0.00042,0.000332,0.000356
LIS-008,0,0.000298,0.000769,0.02,0.000356,1.31e-05,0.00141,4.44e-06,0.000886,0.00099,0.000543,0.000915,1.07e-05,1.75e-05,5.77e-05,0.000561,0.00168,0.000616,0.00979,0.000197,1.6e-05,0.00138,0.000118,0.000622,7.52e-07,0.000542,0.00254,0.000215,0.000298,8.26e-06,0.00166,0.00404,3.78e-05,0.0125,0.0017,2.97e-06,5.35e-05,9.53e-06,0.00313,8.63e-05,0.00107,9.02e-05,1.16e-05,0.00015,0.00032,2.11e-05,7.42e-05,8.72e-05,2.2e-05,0.000128,6.16e-05,0.00199,0.000483,0.00147,0.000145,0.000403,0.000104,0.00131,0.00038,0.000106,0.000126,0.000955,2.46e-06,0.000119,9.69e-05,0.000291,2.13e-05,1.99e-05,6.72e-05,0.000159,0.000135,0.000958,0.000148,0.00277,0.000246,9.43e-06,6.11e-05,2.44e-05,0.00653,0.000154,0.000712,0.000102,0.000717,0.000121,2.23e-05,4.57e-05,0.000218,9.59e-06,9.74e-08,0.00356,0.00124,0.000213,0.000171,6.34e-05,0.00154,5.89e-05,0.000234,8.81e-05,0.000682,0.000155,0.0323,0.00012,0.000308,5.77e-05,8.26e-06,0.000339,4.36e-06,0.00392,0.00104,0.000931,0.0007,2.94e-06,2.83e-05,0.000528,0.000118,0.000724,6.85e-05,0.00017,0.000453,2.73e-05,3.93e-05,7.66e-05,0.000252,2.92e-05,0.00109,7.98e-05,6.06e-06,0.000149,0.00214,0.000115,5.14e-05,0.00353,0.000175,1.23e-05,0.00126,0.00105,0.000611,0.000219,4.72e-06,0.000176,0.00153,0.000178,0.00307,1.7e-05,0.000543,0.000231,0.00023,0.000218,5.38e-05,1.5e-05,8.8e-05,5.73e-05,0.000185,8.84e-06,3.92e-06,0.000921,0.000109,0.000515,4.39e-05,9.16e-05,9.02e-05,0.000125,0.000432,0.000297,0.000424,0.000143
LIS-011,1,0.000245,0.000844,0.0213,0.000356,0.000304,0.00327,3.32e-05,0.00122,0.00154,0.000721,0.000909,1.19e-05,8.15e-06,5.49e-05,0.000532,0.00214,0.000644,0.0113,0.000217,2.6e-05,0.0021,0.000147,0.000599,3.09e-06,0.001,0.00197,0.000403,0.000186,8.18e-06,0.000875,0.00448,6e-05,0.0128,0.0012,2.61e-05,5.19e-05,2.73e-05,0.0037,0.000115,0.00158,0.000125,3.18e-05,8.42e-05,0.000238,2.2e-05,8.28e-05,1.34e-05,5.42e-06,1.47e-05,8.38e-05,0.0024,0.000593,0.000377,0.000147,0.000581,0.000203,0.0023,0.000116,0.000228,0.000239,0.000952,3.91e-06,9.99e-05,0.000126,0.000518,5.78e-05,5.33e-05,7.25e-05,0.00015,5.83e-05,0.000675,0.000146,0.00309,0.000118,5.64e-06,3.63e-05,2.92e-05,0.0139,0.0002,0.000923,0.000236,0.000638,9.43e-05,3.24e-05,1.34e-05,0.000619,2.24e-05,7.22e-07,0.00386,0.00123,0.000159,0.000129,4.44e-05,0.00223,2.19e-05,0.000238,7.42e-05,0.000684,0.000191,0.0662,0.000106,0.000467,2.42e-05,1.05e-05,0.000349,2.03e-06,0.000714,0.00158,0.000963,0.000825,5.87e-06,1.8e-05,0.000408,0.0002,0.000794,8.74e-05,0.000295,0.000398,5.82e-05,4.12e-05,7.1e-05,0.000237,4.25e-05,0.00149,0.000704,7.14e-06,0.00029,0.00197,3.31e-05,0.000165,0.00687,0.000226,1.05e-06,0.00148,0.00226,0.000564,2.62e-05,4.55e-06,0.000113,0.00133,0.000341,0.00349,2.92e-05,0.00073,0.000165,0.000126,0.000334,2.2e-05,9.22e-05,6.13e-05,4.08e-05,0.000254,3.98e-06,1.41e-06,0.00112,0.000207,0.000412,1.83e-05,6.46e-05,5.94e-05,0.00014,0.000125,0.000566,0.0002,0.000309
LIS-001,1,0.000195,0.000652,0.0159,0.00022,0.000375,0.00332,2.34e-05,0.000984,0.00138,0.000768,0.00103,1.91e-05,1.13e-05,0.000101,0.000388,0.00148,0.000897,0.0111,0.000252,7.86e-06,0.00199,0.000119,0.000637,9.05e-06,0.000888,0.0016,0.000303,0.000212,3.3e-05,0.000652,0.00393,5.07e-05,0.00902,0.00143,2.24e-05,3.62e-05,1.46e-05,0.00331,0.000149,0.00126,0.000165,0.000155,0.000133,0.000162,2.02e-05,5.21e-05,7.99e-05,2.45e-05,1.54e-05,5.61e-05,0.00214,0.000541,0.00187,0.000131,0.00039,0.000288,0.00262,0.000165,0.000195,0.000175,0.000537,9.36e-06,3.64e-05,8.2e-05,0.000525,3.21e-05,2.22e-05,5.62e-05,0.000137,0.000113,0.000937,0.000164,0.00301,0.000123,2.92e-06,0.000446,4.82e-05,0.00958,0.000142,0.000569,0.000163,0.000388,2.39e-05,1.6e-05,3.54e-06,0.000194,4.58e-06,2.2e-06,0.00387,0.00141,0.000148,0.000181,2.02e-05,0.00184,3.9e-05,0.000245,4.82e-05,0.000567,0.000141,0.0613,0.000111,0.000275,7.13e-05,1.23e-05,0.000396,1.19e-05,0.000128,0.00202,0.000776,0.000952,1.24e-05,6.93e-06,0.000217,6.72e-05,0.000739,5.86e-05,3.42e-05,0.000293,8.8e-06,3.43e-05,8.27e-05,0.00028,3.2e-05,0.00138,0.000558,4.14e-06,0.000259,0.0014,5.47e-05,1.97e-05,0.00369,0.000211,1.17e-05,0.00111,0.00172,0.00067,0.000105,9.72e-06,0.000179,0.00121,0.000393,0.00273,2.22e-05,0.000725,8.68e-05,0.000174,0.000554,8.57e-06,1.03e-05,0.000193,9.63e-06,0.000222,3.11e-05,3.3e-06,0.00059,0.000114,0.000764,2.22e-05,2.36e-05,6.27e-05,0.000147,0.000168,0.000257,0.000212,0.000322
LIS-031,0,0.000187,0.000906,0.0188,0.000504,0.000324,0.00445,3.83e-05,0.00147,0.00212,0.000794,0.00131,1.99e-05,5.45e-06,8.39e-05,0.000555,0.00215,0.00117,0.0234,0.000251,3.21e-05,0.00221,0.000109,0.00073,1.96e-05,0.00117,0.00235,0.000298,0.000269,2.79e-05,0.00163,0.00765,8.99e-05,0.0153,0.00158,2.95e-05,6.4e-05,1.71e-05,0.00558,0.000139,0.00241,0.000142,0.000158,0.000187,0.00022,2.47e-05,0.000132,1.66e-05,3.12e-06,2.13e-06,0.000105,0.00228,8.11e-05,0.00159,0.000195,0.00055,0.000445,0.00298,0.000203,0.00028,0.000396,0.00141,4.11e-06,2.34e-05,0.00012,0.000136,7.47e-06,0.00011,9.48e-05,0.000255,0.00012,0.000993,0.000153,0.00353,0.000107,1.76e-05,8.63e-05,2.43e-05,0.015,0.000217,0.00058,0.000248,0.0011,0.000124,3.21e-05,8.64e-06,0.000365,8.96e-06,1.56e-07,0.00564,0.00153,0.0002,0.000218,0.000448,0.0039,0.000133,0.000226,8.93e-05,0.000747,0.000256,0.0421,0.000119,0.00065,6e-05,5.6e-06,0.000406,2.93e-06,0.00123,0.00302,0.00114,0.000748,6.25e-06,4.13e-05,0.000498,0.000192,0.000805,0.000163,0.000126,0.000364,9.12e-05,5.68e-05,7.97e-05,0.000428,5.58e-05,0.00293,0.000772,7.62e-06,0.00043,0.00146,2.93e-05,0.000146,0.0092,0.00083,1.82e-06,0.00204,0.00379,0.00141,0.000151,1.27e-05,0.000299,0.00193,7.81e-05,0.00395,2.24e-05,0.000714,0.000193,0.000212,0.000745,2.26e-05,4.7e-06,0.000133,4.5e-05,0.000294,1.47e-05,3.58e-06,0.00119,6.16e-05,0.00106,4.77e-05,3.44e-05,7.96e-05,0.000108,0.000142,0.000816,0.000275,0.000241
LIS-029,1,0.000135,0.000796,0.016,0.000376,0.000299,0.00271,3.17e-05,0.00093,0.00124,0.000549,0.000838,8.99e-07,3.98e-06,5.45e-05,0.000566,0.00235,0.00092,0.0128,0.000193,5.43e-05,0.00156,0.000123,0.000661,8.91e-06,0.00112,0.0015,0.00036,0.000377,2.66e-06,0.00117,0.00425,5.28e-05,0.0135,0.00143,1.91e-05,6.26e-05,2.91e-05,0.00451,0.000122,0.0015,0.000129,1.34e-05,0.00011,0.000483,2.05e-05,7.81e-05,0.000107,1.86e-05,1.53e-05,6.97e-05,0.0026,0.000167,0.000298,0.000126,0.000432,0.000254,0.00152,0.000192,0.000198,0.000197,0.000781,2.59e-05,5.76e-05,0.000127,0.00037,8.56e-06,3.16e-05,6.86e-05,0.000119,0.000137,0.000656,0.000168,0.00237,7.53e-05,1.37e-05,0.000216,2.47e-05,0.0089,0.00022,0.00049,0.000182,0.00116,2.71e-05,3.02e-05,2.09e-06,0.00043,5.04e-06,1.03e-06,0.00431,0.00122,0.000249,0.000184,0.000257,0.00193,0.000116,0.000202,7.89e-05,0.000694,0.000195,0.0538,0.000133,0.000326,1.39e-05,3.57e-07,0.000347,9.73e-06,0.00136,0.00179,0.00066,0.000806,5.6e-06,5.06e-05,4.38e-05,0.000167,0.000594,6.81e-05,5.86e-05,0.000241,7.35e-05,3.01e-05,0.000165,0.00034,6.16e-05,0.0014,0.000627,5.77e-06,0.000249,0.00139,5.46e-05,1.56e-05,0.00432,0.00078,7.18e-06,0.00114,0.00214,0.000976,0.000144,8.86e-06,0.000264,0.00161,0.00011,0.00357,6.42e-05,0.000499,0.000145,0.000122,0.000427,1.43e-05,1.51e-05,0.000115,6.61e-06,0.000242,3.44e-06,1.44e-06,0.000679,0.000133,0.00043,4.38e-05,5.31e-05,5.74e-05,0.000122,0.000101,0.000394,0.000207,0.000166
LIS-005,1,0.00019,0.00117,0.0161,0.000366,0.000337,0.00274,3.1e-05,0.00142,0.00188,0.000623,0.00167,1.64e-05,2.09e-05,7.27e-05,0.000394,0.00244,0.0011,0.014,0.00019,2.81e-05,0.0016,0.00012,0.00055,2.54e-05,0.000782,0.00123,0.000308,0.000348,9.16e-06,0.00147,0.00383,4.72e-05,0.0103,0.00108,2.09e-05,8.32e-05,2.13e-05,0.00514,0.000116,0.00143,0.00013,0.000145,0.000105,0.000351,2.85e-05,7.98e-05,2.33e-05,1.96e-05,8.55e-05,7.91e-05,0.00397,0.000114,0.000261,6.03e-05,0.000448,0.00034,0.00174,0.000377,0.000192,0.000186,0.00119,5.55e-07,8.48e-05,0.000106,0.000386,8.09e-06,5.93e-05,5.98e-05,0.000124,5.65e-05,0.000648,0.00017,0.00181,6.39e-05,1.73e-05,4.54e-05,2.03e-05,0.00885,0.000223,0.000711,0.000203,0.00107,0.000119,7.34e-06,2.75e-05,0.000216,9.17e-06,1.98e-06,0.00421,0.00139,0.000253,0.000246,3.81e-05,0.00202,3.06e-05,0.00036,0.000123,0.0007,0.00022,0.0629,6.71e-05,0.000425,3.96e-05,1.28e-05,0.000371,8.29e-06,0.00158,0.00298,0.000735,0.000847,2.68e-06,3.67e-05,5.89e-05,7.08e-05,0.000613,8.43e-05,0.000174,0.000218,5.62e-05,3.31e-05,9.42e-05,0.000302,6.62e-05,0.00139,0.000909,1.02e-06,0.000226,0.00166,1.96e-05,2.74e-05,0.00506,0.000945,1.96e-06,0.00112,0.00231,0.000913,0.000194,5.98e-06,0.000178,0.0018,0.000107,0.00344,1.79e-05,0.000567,0.000138,0.000182,0.000428,1.44e-05,2.91e-05,0.000152,3.01e-05,0.000129,1.25e-05,1.01e-06,0.000828,2.78e-05,0.000632,4.99e-05,0.000178,4.79e-05,0.000146,9.98e-05,0.000418,0.000177,0.000176
LIS-012,1,0.000215,0.000917,0.0139,0.000371,7.18e-05,0.00251,2.56e-05,0.00112,0.00202,0.000584,0.000997,1.74e-05,8.75e-06,5.02e-05,0.000528,0.00224,0.000937,0.0149,0.00015,3.77e-05,0.00156,8.38e-05,0.000401,1.92e-05,0.000719,0.00217,0.000392,0.00014,1.93e-05,0.00163,0.00512,5.52e-05,0.0122,0.00168,2.4e-05,7.58e-05,2.35e-05,0.00365,4.26e-05,0.000995,0.000144,4.8e-05,0.000496,0.000517,1.79e-05,9.59e-05,8.15e-05,8e-06,8.18e-05,9.83e-05,0.00335,0.000636,0.0014,0.000141,0.000718,0.00022,0.00123,0.000333,0.000164,0.000157,0.000934,2.74e-06,0.000126,0.00013,0.000719,1.23e-05,3e-05,7.57e-05,0.000151,0.000135,4.13e-05,0.000142,0.00186,0.000209,1.41e-05,4.14e-05,5.42e-05,0.00955,0.000158,0.000732,0.000206,0.00108,0.000122,1.14e-05,2.55e-05,0.000228,8.64e-06,8.88e-08,0.004,0.00133,0.000108,0.000135,3.83e-05,0.00186,0.000122,0.0002,8.6e-05,0.000796,0.000227,0.0547,0.000123,0.000403,0.000126,4.44e-06,0.000391,2.25e-06,0.000281,0.00299,0.000516,0.000834,2.64e-06,6.75e-06,0.000373,6.96e-05,0.000697,8.76e-05,0.000175,0.000231,1.29e-05,4.13e-05,0.000168,0.000171,8.77e-05,0.00121,0.000724,6.78e-06,0.000213,0.00243,1.6e-05,4.09e-05,0.00378,0.000808,4.63e-06,0.00123,0.00181,0.000971,0.000136,3.14e-05,0.000171,0.00157,6.33e-05,0.00286,1.33e-05,0.000458,0.000169,0.000121,0.000305,1.76e-05,1.38e-05,7.56e-05,1.74e-05,0.000162,1.58e-05,2.35e-06,0.000863,3.91e-05,0.000902,3.25e-05,8.31e-05,5.57e-05,0.000144,6.53e-05,0.000427,0.000151,0.000224
LIS-018,0,7.76e-05,0.00107,0.00956,0.000474,3.73e-05,0.00284,3.12e-05,0.000823,0.000696,0.000573,0.00107,2.58e-06,2.1e-05,6.63e-05,0.000298,0.00194,0.000709,0.0148,0.00035,2.23e-05,0.00116,0.000182,0.000673,1.4e-06,0.000862,0.000931,0.000502,0.000228,1.39e-05,0.00171,0.00485,4.23e-05,0.0151,0.00145,1.33e-05,3.61e-05,5.78e-06,0.00445,7.51e-05,0.00102,0.000116,1.97e-05,0.000127,0.000269,4.43e-05,0.000105,9.86e-05,1.28e-05,2.11e-05,4.58e-05,0.00255,0.000421,0.00167,0.000106,0.000609,0.000195,0.00159,0.000505,0.000185,0.000175,0.000762,4.15e-06,0.000109,8.31e-05,0.000454,1.19e-05,4.4e-05,9.23e-05,0.000183,8.43e-05,0.000836,0.000151,0.00187,0.000103,8.04e-06,0.00018,3.35e-05,0.00574,0.000151,0.00112,5.73e-05,0.000978,0.00015,3.14e-05,3.45e-05,0.000296,9.84e-06,1.69e-06,0.00335,0.000904,0.000222,0.000111,0.000427,0.00146,0.000173,0.000177,0.000106,0.000318,0.000205,0.0351,0.000133,0.000306,7.96e-05,8.44e-06,0.000297,1.37e-06,0.000294,0.00157,0.000688,0.00075,2.75e-06,1.84e-05,6.31e-05,0.000121,0.00054,5.95e-05,0.000102,0.000344,8.07e-05,2.38e-05,7.8e-05,0.000289,0.000297,0.00111,0.00099,4.33e-06,0.000135,0.00166,2.6e-05,3.8e-05,0.00456,0.00019,1.15e-05,0.00103,0.00149,0.00113,4.19e-05,2.91e-06,0.000171,0.00145,0.000365,0.00313,3.47e-05,0.000396,8.33e-05,0.000142,0.00038,2.3e-05,1.9e-05,0.000205,3.95e-06,0.000154,2.15e-05,7.44e-06,0.00103,4.51e-05,0.000496,4.87e-05,5.93e-05,5.79e-05,9.5e-05,9.57e-05,0.000502,0.000263,0.00016
LIS-035,1,0.000148,0.000736,0.0125,0.000447,0.000272,0.00415,4.84e-05,0.00124,0.00213,0.000725,0.00143,2.21e-06,2.34e-05,7.02e-05,0.000405,0.00159,0.00127,0.0162,0.000387,2.43e-05,0.00181,6.2e-05,0.000556,8.91e-06,0.00069,0.0015,0.000161,0.000168,2.29e-05,0.00117,0.00512,2.86e-05,0.011,0.00107,2.73e-05,4.46e-05,1.97e-05,0.00361,8.33e-05,0.00195,0.000156,0.000173,0.000106,0.00034,1.78e-05,0.000108,3.41e-05,7.94e-06,8.02e-05,5.56e-05,0.00341,0.000407,0.000969,6.96e-05,0.000467,0.000346,0.00204,9.85e-05,8.47e-05,0.000315,0.000765,4.48e-06,1.85e-05,9.32e-05,0.00022,2.46e-05,8.07e-05,2.76e-05,0.000202,0.000108,0.000177,0.000104,0.00179,7.28e-05,8.22e-06,0.000139,2.97e-05,0.0102,0.000161,0.00109,0.000147,0.000887,1.97e-05,2.45e-05,2.66e-05,0.000211,5.01e-06,1.53e-06,0.00623,0.00117,0.000214,0.000257,3.59e-05,0.00282,0.000111,0.000147,1.44e-05,0.000498,0.000166,0.0715,0.00011,0.00043,8.65e-05,8.69e-06,0.000331,8.69e-06,0.000685,0.00392,0.000801,0.000536,6.62e-06,9.05e-06,0.000368,7.15e-05,0.000678,0.000104,0.000132,0.000351,4.68e-05,2.92e-05,7.73e-05,0.000347,5.17e-05,0.00254,0.000877,5.52e-06,0.00047,0.00243,5.75e-05,4.46e-05,0.00764,0.000672,4.29e-06,0.00163,0.00333,0.00129,2.86e-05,5.56e-06,0.000106,0.00119,0.000147,0.00408,1.15e-05,0.000563,9.64e-05,0.000212,0.00055,3.96e-05,2.83e-05,7.4e-05,2.220446049250313e-16,0.000293,6.84e-06,6.33e-06,0.000734,4.86e-05,0.000482,3.29e-05,2.33e-05,2.97e-05,0.000139,0.000276,0.000294,0.000179,0.000427
LIS-033,1,0.000177,0.000199,0.013,0.000314,8.6e-05,0.00428,3.78e-05,0.0017,0.00231,0.000655,0.000956,7.05e-06,1.46e-05,9.24e-05,0.00091,0.0016,0.000672,0.017,0.000283,2.97e-05,0.00294,5.21e-05,0.00046,2.78e-06,0.000808,0.00215,0.000271,0.00018,1.48e-05,0.001,0.00222,4.21e-05,0.0122,0.000873,9.38e-06,2.67e-05,2.12e-05,0.00269,4.27e-05,0.00185,0.00019,3.33e-05,0.000161,0.000152,1.78e-05,0.000123,2e-05,4.51e-06,0.000126,4.39e-05,0.00297,0.000562,0.000583,0.000313,0.000519,0.000836,0.00166,0.000159,0.00015,0.000307,0.000667,2.28e-06,2.01e-05,8.48e-05,0.000486,1.52e-05,5.29e-05,0.000116,0.000169,0.000174,0.000758,0.000138,0.00329,0.000116,2.44e-06,0.000598,2.97e-05,0.0131,0.000221,0.000949,0.000104,0.000979,1.95e-05,1.7e-05,1.12e-06,0.000199,2.12e-05,5.63e-07,0.00517,0.00154,0.000101,0.000295,4.64e-05,0.00369,6.6e-05,0.000415,1.18e-05,0.000726,0.000214,0.0723,3.69e-05,0.00051,3.98e-05,2.06e-05,0.000381,6.43e-06,0.0011,0.0024,0.000876,0.00068,2.65e-06,9.85e-05,0.000368,6.24e-05,0.00103,9.7e-05,9.48e-05,0.000193,1.63e-05,5.48e-05,0.00013,9.28e-05,7.78e-05,0.00212,0.000296,5.26e-06,0.000202,0.00123,3.41e-05,2.97e-05,0.00814,0.000412,4.4e-06,0.00189,0.00271,0.000922,1.09e-05,1.23e-05,9.21e-05,0.00137,0.000321,0.0036,3.35e-05,0.000689,0.000199,0.000164,0.000648,2.06e-05,2.38e-05,1.78e-05,4.89e-05,0.000241,7.26e-06,1.34e-06,0.000835,7e-05,0.000567,4.4e-05,8.8e-05,3.19e-05,0.000116,0.000223,0.000391,0.000329,0.000307
LIS-024,1,0.000123,0.000885,0.00956,0.000433,0.000323,0.00219,2.27e-05,0.000839,0.00158,0.000413,0.000947,1.06e-05,1.16e-05,5.21e-05,0.00032,0.00249,0.00108,0.0139,0.000235,2.48e-05,0.00137,0.000192,0.000459,1.01e-05,0.000532,0.00166,0.000231,0.000118,1.25e-05,0.00161,0.00449,3.37e-05,0.0147,0.00213,1.23e-05,1.75e-05,5.52e-05,0.00443,4.39e-05,0.000948,0.0001,1.26e-05,0.000102,0.000329,2.27e-05,8.29e-05,0.000307,9.28e-06,7.3e-06,6.72e-05,0.00345,0.000513,0.000427,0.000107,0.000501,0.000156,0.00157,0.000651,0.000162,0.000126,0.000794,5.03e-06,4.73e-05,8.12e-05,0.000401,6.01e-05,2.91e-05,8.16e-05,0.000116,9.88e-05,0.000767,0.000167,0.0015,5.02e-05,9.17e-06,0.00011,6.81e-05,0.00771,0.000156,0.000664,6.59e-05,0.000992,0.000111,2.64e-05,3.08e-07,0.000163,1.93e-05,1.94e-06,0.00374,0.00089,0.000306,0.000213,0.000385,0.00125,2.41e-05,0.000237,0.00017,0.000408,0.000151,0.0611,0.000368,0.000305,2.82e-05,2.7e-06,0.000317,4.27e-05,0.000197,0.00277,0.000619,0.000438,1.77e-06,0.000221,0.000106,3.86e-05,0.000527,0.000146,3.25e-05,0.000254,1.95e-05,1.95e-05,3.62e-05,0.000303,5.76e-05,0.00111,0.00126,7.2e-07,0.000149,0.00608,3.7e-05,0.000133,0.00396,0.000767,3.11e-06,0.00105,0.00127,0.0012,0.000243,1.22e-05,0.000205,0.00136,8.77e-05,0.00277,5.77e-05,0.000539,0.000112,0.000126,0.000197,2.34e-05,7.57e-05,0.000129,3.96e-05,0.000145,1.72e-05,1.9e-06,0.000817,2.62e-05,0.000521,3.06e-05,5.68e-05,4.4e-05,0.000156,0.000274,0.000483,0.000212,0.000223
LIS-002,0,0.000164,0.000902,0.0133,0.000263,0.000307,0.00286,2.46e-05,0.00147,0.00182,0.000474,0.00116,1.43e-05,2.45e-05,7.2e-05,0.0004,0.00207,0.00102,0.016,0.000193,2.58e-05,0.00126,4.26e-05,0.000609,1.46e-06,0.000912,0.00149,0.000269,0.000192,1.24e-05,0.000974,0.0043,4.56e-05,0.00936,0.00176,1.83e-05,9.11e-05,2.76e-05,0.00434,8.42e-05,0.00134,0.000129,2.04e-05,0.0001,0.000319,3.93e-05,7.63e-05,7.98e-05,2.9e-05,7.15e-06,0.000109,0.00298,0.000622,0.00198,0.000295,0.000359,0.000208,0.00135,0.000231,0.000105,0.000218,0.00138,9.38e-07,2.53e-05,0.00011,0.000363,1.28e-05,2.68e-05,8.72e-05,0.000108,6.73e-05,0.00117,0.000155,0.00171,7.66e-05,1.6e-05,0.000228,8.48e-05,0.00795,0.000175,0.00116,0.00022,0.000656,2.66e-05,2.92e-05,3.39e-05,0.000149,1.28e-05,9.55e-07,0.00536,0.00123,0.000343,0.000147,9.32e-05,0.00201,0.000166,0.000239,8.29e-05,0.000418,0.000269,0.0382,3.98e-05,0.000341,4.52e-05,1.36e-05,0.000358,1.27e-06,0.00109,0.00179,0.000925,0.000498,7.91e-06,1.8e-05,0.00043,4.82e-05,0.000585,8.75e-05,0.000151,0.000262,4.95e-05,3.57e-05,6.18e-05,0.000172,3.96e-05,0.00134,0.000872,4.64e-06,0.000235,0.00231,6.89e-05,4.11e-05,0.00402,0.00106,7.65e-06,0.0011,0.00266,0.00101,0.000152,1.27e-05,0.000168,0.00151,0.000379,0.00317,5.66e-05,0.000474,8.33e-05,0.000141,0.000392,7.23e-05,7.54e-06,8.57e-05,4.25e-05,0.000227,3.22e-06,4.01e-06,0.000803,0.000157,0.000373,3.39e-05,4.16e-05,6.65e-05,0.00015,0.000291,0.000297,0.000315,0.000258
LIS-013,1,0.000268,0.00105,0.0138,0.000524,3.81e-05,0.00341,2.86e-05,0.00116,0.00173,0.000439,0.00189,1.4e-05,4.4e-05,8.57e-05,0.000436,0.00277,0.000946,0.0162,0.000484,2.3e-05,0.00195,0.00013,0.000433,9.84e-06,0.000742,0.00275,0.000344,0.000288,9.5e-06,0.0011,0.00566,3.65e-05,0.0132,0.00285,1.66e-05,5.07e-05,2.37e-05,0.00487,2.79e-05,0.00116,0.000155,1.93e-05,0.000177,0.00046,1.47e-05,0.000107,0.000206,1.04e-05,1.72e-05,4.57e-05,0.00397,0.000638,0.00109,0.00013,0.000365,0.000126,0.00156,0.000432,0.000145,0.000184,0.00099,2.21e-06,3.03e-05,0.000145,0.0004,8.64e-07,1.89e-05,0.000159,7.57e-05,0.000162,6.9e-05,0.00016,0.00289,0.000147,1.3e-05,4.72e-05,2.98e-05,0.0106,0.000211,0.000772,9.63e-05,0.00129,0.000131,2.07e-05,2.96e-06,0.000234,7.58e-06,3.82e-07,0.00544,0.00141,0.000173,0.000134,9.23e-05,0.00229,0.000287,0.000303,8.83e-05,0.000735,0.00022,0.0764,0.000235,0.000443,8.07e-05,1.3e-05,0.000435,6.38e-06,0.000906,0.00341,0.000877,0.00106,5.33e-06,4.31e-05,0.00049,6.82e-05,0.000791,9.81e-05,0.000141,0.000475,2.11e-05,4.5e-05,0.000195,0.000237,3.34e-05,0.00163,0.00054,2.77e-06,0.000149,0.00452,2.08e-05,3.33e-05,0.00561,0.000839,9.39e-06,0.00139,0.00241,0.00109,0.000184,9.98e-06,0.000155,0.00201,0.000295,0.0039,1.16e-05,0.000706,0.00012,0.000177,0.000252,5.61e-05,1.84e-05,0.000195,5.47e-05,0.000145,1.25e-05,1.86e-06,0.00106,8.86e-05,0.00051,9.01e-06,0.000127,4.71e-05,0.000171,0.000363,0.000283,0.000179,0.000243
LIS-043,1,0.000311,0.000941,0.0224,0.000597,3.58e-05,0.00356,3.33e-05,0.00161,0.00142,0.000696,0.0011,6.63e-06,2.09e-05,5.63e-05,0.000762,0.00285,0.00109,0.0163,0.000473,6.24e-05,0.00211,0.000133,0.000465,4.58e-06,0.000902,0.00452,0.000473,0.00023,1.55e-05,0.00139,0.00495,3.25e-05,0.0138,0.00185,6.67e-06,2.55e-05,2.14e-05,0.00287,1.79e-05,0.00152,0.000156,2.55e-05,0.000161,0.00035,6e-05,9.75e-05,5.68e-05,1.98e-05,0.000143,6.27e-05,0.00396,0.000558,0.00114,0.000149,0.00073,0.000235,0.00182,0.000466,0.000331,0.000198,0.0014,1.09e-06,7.14e-05,0.00025,0.000505,7.88e-05,3.75e-05,0.00021,0.000142,8.36e-05,0.000896,0.000101,0.0031,5.92e-05,8.84e-06,4.88e-05,5.03e-05,0.0121,0.00014,0.000686,8.71e-05,0.0013,0.000143,2.49e-05,3.06e-06,0.000181,4.75e-06,3.01e-07,0.00484,0.00178,0.000322,0.000329,7.74e-05,0.00246,0.00022,0.000294,4.14e-05,0.0012,0.000232,0.0752,6.48e-05,0.000473,3.16e-05,1.75e-05,0.000317,2.23e-05,0.000441,0.00175,0.000634,0.000692,7.33e-06,5.62e-05,4.84e-05,7.53e-05,0.000619,9.18e-05,0.000105,0.000187,3.03e-05,6.17e-05,7.33e-05,0.000302,4.97e-05,0.00129,0.000105,2.67e-06,0.000116,0.00223,7.51e-05,4.86e-05,0.00462,0.000543,4.03e-06,0.00152,0.00238,0.000749,0.000169,5.65e-06,0.00016,0.00149,9.05e-05,0.00392,1.19e-05,0.000506,2.82e-05,0.000119,0.000378,2.45e-05,1.17e-05,0.000178,5.62e-05,5.51e-05,1.05e-05,2.24e-06,0.00104,7.16e-05,0.000458,3.89e-05,6.03e-05,4.06e-05,0.000261,0.000139,0.00052,0.000237,0.000234
LIS-040,0,0.000328,0.000221,0.022,0.000523,0.000441,0.00283,3.03e-05,0.00151,0.00232,0.000458,0.0017,1.37e-05,2.83e-05,7.88e-05,0.000774,0.00289,0.000959,0.0161,0.00028,3.04e-05,0.00167,0.000171,0.000515,1.81e-05,0.000767,0.00343,0.000545,0.000104,1.29e-05,0.00217,0.00473,3.5e-05,0.0137,0.0012,1.2e-05,7.35e-05,2.1e-05,0.00359,8.42e-05,0.00126,0.000158,1.6e-05,0.000216,0.000365,2.79e-05,0.000101,0.000152,2.18e-05,6.2e-06,5.51e-05,0.0027,0.000701,0.00145,0.000413,0.000483,0.000153,0.00183,0.00025,0.000261,0.000185,0.00149,1.36e-06,8.06e-05,0.000191,0.000369,4.89e-06,4.3e-05,0.000268,0.000103,0.000109,0.00122,9.29e-05,0.00256,0.000152,1.15e-05,5.25e-05,8.14e-05,0.0107,0.000146,0.00101,9.2e-05,0.00106,0.000169,5.36e-05,5.14e-05,0.000284,8.81e-06,1.22e-06,0.00449,0.000948,0.000181,8.11e-05,5.51e-05,0.00196,3.3e-05,0.000308,1.09e-05,0.0011,0.000164,0.0506,0.000209,0.000316,4.11e-05,5.39e-06,0.000366,8.14e-06,0.00158,0.00119,0.000951,0.000859,5.53e-06,8.93e-05,0.000456,7.72e-05,0.000804,8.17e-05,0.000171,0.000301,2.04e-05,3.96e-05,9.76e-05,0.000413,7.09e-05,0.00108,0.000667,5.02e-06,0.000164,0.00845,1.43e-05,0.00016,0.00554,0.000173,1.31e-05,0.00134,0.00187,0.000863,0.000207,3.07e-05,0.000282,0.00167,0.000734,0.00386,4.95e-05,0.00065,0.000224,0.000139,0.00025,5.9e-05,0.000148,5.87e-05,7.66e-06,0.000201,1.24e-05,7.27e-06,0.00102,0.000175,0.00043,5.18e-05,0.000128,4.72e-05,0.000187,0.000332,0.000385,0.000523,0.000302
LIS-047,1,0.000105,0.000464,0.0101,0.000216,5.26e-05,0.00549,3.25e-05,0.00155,0.00209,0.000655,0.000603,1.47e-05,1.78e-05,4.06e-05,0.000348,0.00143,0.000784,0.0154,0.000189,1.89e-05,0.00241,8.32e-05,0.000416,1.14e-05,0.000661,0.00108,0.000396,0.000201,1.69e-05,0.0011,0.00663,3.86e-05,0.0112,0.00131,1.78e-05,5.11e-05,2.23e-05,0.00264,4.67e-05,0.00205,0.000176,1.94e-05,0.000106,0.000198,2.01e-05,8.62e-05,9.82e-05,6.32e-06,6.36e-06,5.02e-05,0.0022,0.000241,0.00114,0.00013,0.000464,0.000313,0.00155,0.000165,0.000153,0.00028,0.000704,2.2e-05,2.79e-05,0.000156,0.000378,5.9e-06,3.52e-05,0.000122,0.000169,0.000104,0.000158,0.000128,0.0028,0.000146,1.71e-05,4.49e-05,5.3e-05,0.0116,0.000174,0.00108,9.04e-05,0.000568,0.000108,8.08e-06,4.75e-06,0.000581,2.2e-05,1.38e-06,0.00614,0.00146,0.00022,0.000253,6.45e-05,0.00244,9.65e-05,0.000221,6.81e-05,0.00039,0.000157,0.0771,0.000127,0.000492,3.67e-05,8.47e-06,0.000384,2.46e-06,0.000242,0.00216,0.00096,0.00079,1.9e-05,1.66e-05,0.000408,3.58e-05,0.000735,8.74e-05,0.000155,0.000352,5.18e-05,2.86e-05,8.51e-05,0.000226,4.43e-05,0.00193,0.000838,6.6e-06,0.000212,0.00313,4.82e-05,3.67e-05,0.00685,0.000198,9.29e-06,0.00161,0.00215,0.000754,0.000126,1.32e-05,9.67e-05,0.00181,0.000358,0.00436,5.12e-06,0.000617,6.15e-05,0.000133,0.000558,2.23e-05,1.87e-05,0.000113,4.1e-05,0.000178,1.18e-05,4.32e-06,0.000493,6.19e-05,0.00086,1.97e-05,3.21e-05,4.3e-05,0.000171,0.000243,0.000501,0.00016,0.000293
LIS-051,1,0.000241,0.000796,0.0143,0.000366,0.000314,0.00302,3.13e-06,0.00149,0.00132,0.00056,0.00111,9.95e-06,2.93e-05,0.000198,0.000452,0.0019,0.00114,0.0121,0.000251,3.87e-05,0.00164,9.04e-05,0.000594,2.62e-06,0.000647,0.00217,0.000293,0.000268,1.38e-05,0.000617,0.00544,4.67e-05,0.012,0.00174,4.07e-05,1.26e-05,2.82e-05,0.00216,8.06e-05,0.00136,0.000162,1.21e-05,0.000131,0.000178,1.02e-05,8.5e-05,8.53e-05,2.12e-05,0.000128,9.94e-05,0.0026,0.000486,0.00107,0.000104,0.000299,0.000214,0.00127,0.00023,0.000155,0.000187,0.000722,9.28e-07,8.25e-05,0.000174,0.000509,4.6e-06,2.43e-05,0.000125,0.000162,0.000121,4.54e-05,0.000155,0.00288,0.000136,1.43e-06,4.54e-05,6.38e-05,0.0125,0.000114,0.000759,0.000173,0.000646,0.000111,2.12e-05,3.09e-06,0.000223,1.14e-05,1.05e-06,0.00441,0.00151,0.00012,0.00014,5.92e-05,0.00238,8.85e-05,0.000145,0.000125,0.00104,0.000159,0.059,0.000122,0.000432,3.81e-05,1.63e-05,0.000356,6.84e-06,0.0013,0.00115,0.000669,0.000302,3.26e-06,4.14e-05,0.000337,0.000113,0.000696,6.78e-05,3.91e-05,0.000395,8.9e-06,5.1e-05,0.000102,0.000133,2.66e-05,0.00104,0.000614,1.77e-05,0.000188,0.00623,0.000122,3.41e-05,0.00505,0.000102,3.15e-06,0.00122,0.0018,0.000701,0.000154,2.71e-06,0.000175,0.00135,7.52e-05,0.00338,8.11e-06,0.00046,0.000175,0.00013,0.000236,4.5e-05,9.36e-06,0.000133,8.9e-06,0.000225,8.63e-06,1.27e-06,0.000416,4e-05,0.00046,1.05e-05,4.75e-05,4.99e-05,0.000177,7.39e-05,0.000606,0.000261,0.000106
LIS-049,1,0.000168,0.000649,0.0156,0.00032,0.000291,0.00437,4.09e-05,0.00142,0.0016,0.000857,0.000968,6.72e-06,3.28e-05,8.94e-05,0.000372,0.00179,0.00118,0.0158,0.000215,2.69e-05,0.00191,7.54e-05,0.000416,1.14e-05,0.000977,0.00184,0.000417,0.000291,2.02e-05,0.000897,0.00492,5.08e-05,0.0111,0.00174,2.07e-05,3.6e-05,1.73e-05,0.00338,3.28e-05,0.00168,0.000167,1.72e-05,9.53e-05,0.000302,2.18e-05,0.000116,1.87e-05,3.06e-05,0.000107,0.000101,0.00244,0.000254,0.00031,0.000112,0.000655,0.00016,0.00153,0.00028,0.000228,0.000284,0.000681,1.12e-06,5.83e-05,0.000132,0.000491,3.39e-06,3.45e-05,0.000117,0.000109,8.99e-05,0.000728,0.000152,0.00228,7.4e-05,9.05e-06,3.58e-05,1.09e-05,0.0103,0.000146,0.00079,0.000227,0.000731,6.4e-06,2.26e-05,3.53e-05,0.000186,2.220446049250313e-16,1.14e-06,0.00519,0.00126,0.000157,0.00024,7.35e-05,0.00274,8.24e-05,0.000245,0.000103,0.000615,0.000235,0.0628,6.82e-05,0.000399,7.28e-05,2.27e-05,0.000413,1.33e-06,0.000227,0.00465,0.000843,0.00101,8.96e-06,1.45e-05,3.73e-05,3.43e-05,0.000697,5.99e-05,6.18e-05,0.000152,6.93e-05,3.13e-05,9.83e-05,0.000194,6.23e-05,0.00219,0.00103,8.66e-06,0.000277,0.00201,3.93e-05,0.000168,0.00499,0.000233,2.61e-06,0.0012,0.00248,0.000726,0.000152,5.27e-06,0.000148,0.00136,0.000174,0.00449,2.29e-05,0.000382,0.000148,0.000164,0.00039,1.56e-05,4.11e-05,0.000101,1.6e-05,0.000261,4.8e-06,2.31e-06,0.000979,5.96e-05,0.000513,3.2e-05,7.61e-05,4.2e-05,0.000118,0.000183,0.000546,0.000123,0.00031
LIS-057,1,0.000146,0.000943,0.0067,0.000223,9.36e-05,0.00146,1.48e-05,0.000681,0.00116,0.000414,0.00107,3.01e-06,2.91e-05,3.3e-05,0.000379,0.00224,0.000655,0.0128,0.000207,1.86e-05,0.00131,0.000124,0.000477,4.04e-06,0.000732,0.00123,0.000174,0.000149,4.77e-06,0.00157,0.00363,2.04e-05,0.0116,0.00322,1.23e-05,5.3e-05,1.26e-05,0.00372,0.000129,0.000692,8.37e-05,9.01e-05,6.87e-05,0.000259,3.68e-05,9.22e-05,9.07e-05,1.12e-05,5.39e-06,5.35e-05,0.00311,0.000452,0.000193,8.93e-05,0.00049,0.000228,0.00176,0.00072,0.000113,0.000101,0.000813,2.27e-06,1.87e-05,7.14e-05,0.000326,6.68e-05,4.62e-05,6.37e-06,0.000143,9.69e-05,4.33e-05,0.000109,0.0019,6.63e-05,6.28e-06,6.26e-05,2.34e-05,0.00968,0.000122,0.000435,0.00012,0.001,9.4e-06,1.82e-05,7.04e-05,0.000104,1.16e-05,8.85e-07,0.00297,0.000624,0.000205,0.000233,6.42e-05,0.00132,0.000315,0.000211,9.38e-05,0.000481,0.000157,0.0501,0.000144,0.000269,3.36e-05,2.04e-05,0.000298,1.13e-06,0.000385,0.00151,0.00129,0.000486,3.92e-06,6.92e-06,0.000283,4.86e-05,0.000463,0.000102,1.45e-05,0.000163,5.09e-05,2.49e-05,0.00016,0.000403,3.77e-05,0.00102,0.000869,9.18e-07,0.000146,0.00181,8.65e-05,2.95e-05,0.00543,0.000802,5.88e-06,0.000983,0.000864,0.00067,0.000234,1.14e-05,0.000138,0.00119,7.77e-05,0.00171,1.62e-05,0.000418,8.57e-05,0.000117,0.000189,8.74e-06,1.35e-05,9.35e-05,6.21e-06,0.000103,2.09e-05,8.35e-06,0.000748,4.36e-05,0.000527,1.35e-05,3.9e-05,3.98e-05,8.88e-05,0.000189,0.000402,0.000323,0.000323
LIS-064,1,0.000349,0.000776,0.0165,0.000454,2.82e-05,0.00329,2.55e-05,0.00131,0.00252,0.000789,0.00128,1.09e-05,1.31e-05,4.77e-05,0.000918,0.00183,0.00127,0.0154,0.000286,7.81e-05,0.00242,0.000156,0.000531,2.28e-06,0.00123,0.00277,0.000561,0.000255,9.62e-06,0.00169,0.00547,4.15e-05,0.0129,0.00302,1.12e-05,4.05e-05,1.1e-05,0.00344,9.83e-05,0.00118,0.000102,3.63e-05,0.000139,0.000568,3.55e-05,0.000109,7.3e-05,1.3e-05,4.19e-06,0.000103,0.00196,0.000489,0.00137,9.08e-05,0.00043,0.000173,0.00198,0.000427,0.000132,0.000168,0.000695,3.1e-06,2.92e-05,9.37e-05,0.000263,3.94e-05,3.86e-05,0.000153,0.000165,6.46e-05,8.2e-05,5.71e-05,0.00312,0.000128,1.27e-05,4.86e-05,3.08e-05,0.00845,0.000255,0.000615,8.57e-05,0.00084,8.01e-05,6.18e-06,5.06e-05,0.000155,5.7e-06,7.22e-07,0.00418,0.00133,8.55e-05,7.25e-05,0.000115,0.00238,4.78e-05,0.0003,4.73e-05,0.00121,0.000256,0.078,0.000143,0.000424,3.61e-05,4.35e-06,0.000387,2.39e-05,0.00218,0.00199,0.00164,0.000735,4.7e-06,1.97e-05,5.18e-05,7.05e-05,0.000715,6.8e-05,0.000118,0.000218,3.96e-05,4.41e-05,7.79e-05,0.000188,5.28e-05,0.00231,0.000709,3.79e-07,0.000185,0.00111,5.55e-05,9.76e-05,0.007,0.000299,8.84e-06,0.00137,0.00249,0.00162,0.000209,1.08e-05,0.000164,0.00127,0.00023,0.00336,7.46e-06,0.00082,0.00018,0.000132,0.000334,2.17e-05,1.8e-05,0.000121,1.62e-05,0.000217,1.15e-05,5.2e-06,0.000725,0.000213,0.000471,2.15e-05,7.22e-05,6.54e-05,8.12e-05,0.000272,0.000725,0.000439,0.000251
LIS-068,1,0.000128,0.000982,0.0123,0.000259,0.000333,0.00207,1.58e-05,0.0014,0.00167,0.000453,0.00157,1.17e-05,2.17e-05,6.95e-05,0.000392,0.00244,0.000642,0.011,0.000218,1.89e-05,0.00158,9.3e-05,0.000485,9.91e-06,0.000697,0.00218,0.000201,0.00022,8.68e-06,0.00108,0.00451,5.92e-05,0.0103,0.00381,2.81e-06,4.65e-05,1.34e-05,0.00359,8.05e-05,0.000947,0.000127,6.98e-05,0.000118,0.000404,2.32e-05,8.79e-05,6.3e-05,2.89e-05,5.04e-05,7.42e-05,0.00306,0.000464,0.00119,7.38e-05,0.000368,0.000184,0.00153,0.000385,0.000139,0.000124,0.00127,1.8e-06,4.03e-05,0.000119,0.000177,6.11e-05,2.28e-05,6.17e-05,0.00015,7.14e-05,0.00138,0.000102,0.00223,0.000216,4.28e-06,4.11e-05,7.24e-05,0.00872,0.000165,0.000896,7.33e-05,0.000618,0.000115,1.42e-05,7.09e-05,0.000186,6.56e-06,5.45e-07,0.00422,0.0011,0.000232,0.000219,5.51e-05,0.00155,5.75e-05,0.000168,8.85e-05,0.00082,0.000188,0.0782,0.000125,0.000356,4.7e-05,2.12e-06,0.000347,1.15e-06,0.00145,0.00167,0.00134,0.000913,1.03e-05,2.95e-05,3.55e-05,8.7e-05,0.000568,7.14e-05,0.00013,0.0002,1.54e-05,3.23e-05,6.2e-05,0.000282,4.09e-05,0.00141,0.000781,7.08e-06,0.000129,0.00227,3.32e-05,0.000106,0.00558,0.000204,8.78e-06,0.00136,0.002,0.000762,0.000211,1.37e-05,0.000176,0.00173,0.000128,0.00331,7.54e-06,0.000592,0.000135,0.000101,0.00256,1.46e-05,1.08e-05,7.67e-05,4.41e-05,0.000172,5.38e-06,1.27e-05,0.000871,0.000221,0.000361,3.02e-05,3.57e-05,7.83e-05,0.000116,0.000301,0.000548,0.00036,0.000239
LIS-076,1,0.000257,0.000901,0.0181,0.000402,0.000436,0.00437,3.73e-05,0.0015,0.00282,0.000936,0.00134,1.67e-06,1.32e-05,0.000113,0.000602,0.00183,0.00141,0.0182,0.000634,6.97e-05,0.00279,0.000263,0.000566,4.24e-06,0.00126,0.00217,0.000367,0.000212,1.78e-05,0.00118,0.00627,7.45e-05,0.0148,0.0033,1.96e-05,6.52e-05,3.28e-05,0.00575,8.97e-05,0.00186,0.000204,2.78e-05,0.000148,0.0003,4.76e-05,0.000138,0.000146,1.39e-05,6.68e-05,6.01e-05,0.00386,0.00055,0.0011,0.000102,0.000536,0.000265,0.00341,0.000616,0.000227,0.000271,0.000692,9.37e-06,4.5e-05,0.00014,0.00036,6.65e-06,5.39e-05,0.000138,0.000168,0.000147,4.54e-05,0.000147,0.00306,0.000131,1.59e-05,7.59e-05,2.96e-05,0.0128,0.000185,0.000893,0.000106,0.000908,8.3e-06,2.08e-05,3.31e-06,0.000596,7.98e-06,3.57e-07,0.00597,0.00156,0.000139,0.000324,6.2e-05,0.0033,2.78e-05,0.000272,0.000127,0.000871,0.000113,0.0987,0.000203,0.000503,2.52e-05,6.78e-06,0.000444,1.02e-05,0.000277,0.00386,0.00204,0.002,5.95e-06,2.19e-05,0.000455,0.000117,0.000833,9.96e-05,0.000122,0.000224,1.39e-05,6.08e-05,6.16e-05,0.000216,8.66e-05,0.00209,0.00102,8.07e-06,0.000234,0.00438,9.63e-05,5.07e-05,0.00958,0.000246,4.17e-06,0.00176,0.00282,0.000841,0.000232,3.01e-05,0.000169,0.00181,0.000407,0.00427,0.000103,0.000747,0.000134,0.000184,0.00065,1.97e-05,1.8e-05,7.46e-05,8.85e-06,0.000225,4.76e-06,1.56e-06,0.00085,0.00025,0.000621,3.19e-05,7.42e-05,7.16e-05,0.000144,0.000289,0.000394,0.000191,0.000692
LIS-004,1,0.000181,0.000419,0.0146,0.000315,0.000324,0.0024,2.53e-05,0.00222,0.00129,0.000635,0.00133,3.16e-06,2.99e-06,5.71e-05,0.000503,0.00118,0.00068,0.0116,0.00034,1.96e-05,0.00152,0.000121,0.00128,6.54e-06,0.00117,0.00115,0.000404,0.000204,1.7e-05,0.000876,0.00397,1.02e-05,0.0104,0.00173,3.17e-05,7.22e-05,3.04e-05,0.00223,4.25e-05,0.00154,8.21e-05,3.09e-05,0.000103,0.000172,2.91e-05,5.71e-05,0.000111,1.33e-05,1.5e-05,5.69e-05,0.00206,0.000735,0.00197,6.2e-05,0.000514,0.000138,0.00177,0.00027,0.000156,0.000257,0.000429,5.99e-06,2.46e-05,9.63e-05,0.000564,3.06e-05,2.81e-05,0.000299,0.000115,9.88e-05,4.49e-05,8.55e-05,0.00185,0.000122,5.72e-06,4.61e-05,3.83e-05,0.0138,0.000168,0.00113,8.05e-05,0.000519,8.2e-05,2.29e-05,3.05e-05,0.000143,6.4e-06,2.28e-06,0.00317,0.00108,0.00015,0.000262,5.95e-05,0.00258,8.04e-05,0.000333,7.26e-05,0.000811,0.000179,0.0579,0.00013,0.000328,2.81e-05,9.89e-07,0.000239,1.78e-05,7.84e-05,0.00232,0.00111,0.000449,8.45e-06,3.87e-05,5.24e-05,9.78e-05,0.000809,9.2e-05,0.000146,0.000257,7.76e-06,3.91e-05,0.00013,0.00019,4.11e-05,0.00112,0.000646,4.45e-06,0.00011,0.000983,3e-05,9.78e-05,0.00372,0.000244,4.21e-06,0.00107,0.00172,0.000763,0.000163,1.4e-05,0.000102,0.000898,0.000412,0.00207,9.88e-06,0.000503,7.36e-05,0.000118,0.000249,1.95e-05,1.51e-05,6.34e-05,1.63e-05,0.000239,2.65e-05,3.89e-06,0.00101,0.000208,0.000404,4.12e-05,4.54e-05,3.9e-05,0.000119,0.000113,0.000414,0.000154,0.00027
LIS-027,0,0.000224,0.000902,0.0161,0.000441,4.16e-05,0.00276,2.17e-05,0.00109,0.00267,0.000761,0.00115,1.36e-05,3.62e-05,3.16e-05,0.000617,0.00218,0.0014,0.0175,0.000251,3.82e-05,0.00223,9.09e-05,0.000527,7.59e-06,0.00112,0.00151,0.000459,0.000208,9.2e-06,0.00209,0.00497,4.77e-05,0.0201,0.00113,1.28e-05,4.72e-05,2.13e-05,0.00404,9.84e-05,0.00095,8.78e-05,8.32e-06,0.000158,0.000329,3.06e-05,0.00012,0.000124,1.05e-05,8.58e-05,2.52e-05,0.00286,0.00051,0.000309,5.24e-05,0.000468,0.000182,0.00245,0.000326,0.000122,0.000164,0.000775,8.32e-06,8.37e-05,0.000145,0.000469,5.96e-05,3.43e-05,6.35e-05,0.000113,0.000111,5.56e-05,0.000166,0.00284,6.81e-05,6.16e-06,0.000219,0.000478,0.0113,0.000189,0.000434,7.44e-05,0.000776,9.76e-05,2.19e-05,6e-06,0.000124,2.22e-05,1.39e-06,0.00494,0.00128,0.000228,8.45e-05,2.57e-05,0.00173,4.13e-05,0.000172,1.36e-05,0.000888,0.00021,0.048,0.000166,0.000402,7.45e-05,8.74e-06,0.000354,1.32e-06,0.000985,0.00501,0.00144,0.000899,3.49e-06,2.98e-05,0.00041,4.88e-05,0.00065,6.49e-05,0.000101,0.00021,4.48e-05,3.18e-05,0.000116,0.00035,3.61e-05,0.00115,0.000742,8.4e-06,0.000238,0.00283,4.97e-05,0.000148,0.00488,0.000676,9.65e-07,0.00118,0.0015,0.00148,0.000222,3.35e-06,0.000104,0.00138,5.99e-05,0.00385,1.69e-05,0.000732,9.46e-05,0.000114,0.000216,4.35e-05,3.62e-05,7.58e-05,3.95e-05,0.000197,1.47e-05,1.02e-05,0.000686,6.82e-05,0.000513,1.89e-05,6.76e-05,4.79e-05,0.00012,0.000349,0.000424,0.000199,0.000375
LIS-034,0,0.000148,0.000438,0.0102,0.000251,0.000327,0.00207,3.25e-05,0.00105,0.00066,0.00041,0.000767,3.07e-06,1.66e-05,0.000117,0.000237,0.000884,0.000384,0.00649,0.000217,1.79e-05,0.0012,2.77e-05,0.000502,3.1e-06,0.000898,0.000795,0.000141,6.13e-05,4.54e-06,0.00065,0.00366,1.01e-05,0.00725,0.00127,1.73e-05,7.56e-05,2.45e-05,0.00139,2.79e-05,0.000781,5.04e-05,1.31e-05,9.11e-05,0.000125,2.16e-05,7.82e-05,8.04e-05,2.78e-06,2.29e-06,3.59e-05,0.00148,0.00063,0.000907,0.000224,0.000481,0.000165,0.00106,0.000187,0.00015,0.000211,0.000588,4.4e-06,1.85e-05,5.99e-05,0.000699,1.24e-05,2.09e-05,0.000207,5.48e-05,4.45e-05,4.62e-05,8.89e-05,0.00147,9.16e-05,3.13e-06,4.28e-05,9.84e-05,0.00632,0.000143,0.00113,9.35e-05,0.000377,1.6e-05,1.02e-05,7.47e-07,0.000389,8.55e-06,2.39e-06,0.00269,0.000744,0.000273,7.67e-05,7.25e-05,0.00165,0.000356,0.000223,7.13e-05,0.000511,0.000109,0.0353,0.000131,0.000169,4.44e-05,5.83e-06,0.000162,1.21e-05,0.000226,0.00241,0.00116,0.000423,2.61e-06,2.12e-05,0.000334,5.34e-05,0.000447,6.91e-05,9.11e-05,0.000251,2.41e-05,3.08e-05,7.96e-05,8.05e-05,5.85e-05,0.000939,0.000363,4.11e-06,0.000112,0.00179,2.74e-05,3.72e-05,0.00435,9.89e-05,1.42e-05,0.00084,0.00108,0.000478,0.000125,2e-05,7.81e-05,0.00147,0.000107,0.00129,2.98e-05,0.000529,7.2e-05,0.00015,0.00328,1.52e-05,1.28e-05,3.29e-05,1.28e-05,7.01e-05,4.99e-06,2.47e-06,0.00155,8.28e-05,0.00038,5.32e-06,4.96e-05,9.38e-05,0.000164,0.000122,0.000365,5.47e-05,0.000301
LIS-052,1,0.000303,0.00026,0.0231,0.000377,2.53e-05,0.00442,3.29e-05,0.00208,0.00271,0.000929,0.00126,9.39e-06,1.78e-05,7.92e-05,0.000521,0.00196,0.00138,0.0136,0.000372,9.36e-05,0.0026,0.000157,0.000639,1.86e-06,0.00127,0.00204,0.000495,0.000139,1.31e-05,0.0015,0.0067,1.66e-05,0.0137,0.00283,1.17e-05,3.67e-05,3.75e-05,0.0046,8.41e-05,0.00124,0.00018,1.57e-05,0.000145,0.000331,4.27e-05,0.000104,0.000137,2.44e-05,1.18e-05,0.000106,0.00309,0.00105,0.000226,7.17e-05,0.000445,0.000291,0.00245,0.000488,0.000237,0.000231,0.000759,8.59e-07,5.35e-05,0.000113,0.000453,3.53e-05,2.95e-05,0.000266,0.000224,7.78e-05,0.000241,0.000145,0.00332,0.000108,1.18e-05,4.57e-05,3.25e-05,0.0113,0.000256,0.001,9.67e-05,0.000676,3.41e-06,3.22e-05,2.9e-06,0.000285,1.16e-05,1.15e-07,0.00549,0.00149,0.000179,0.000233,4.93e-05,0.00242,6.87e-05,0.000283,0.000116,0.00111,0.000283,0.0812,0.000238,0.000432,4.55e-05,1.65e-05,0.000482,6.08e-06,0.00104,0.0024,0.00137,0.000939,3.17e-06,1.52e-05,0.00048,4.92e-05,0.00095,0.000195,0.000173,0.000306,2.98e-05,3.64e-05,0.000155,0.000187,0.000102,0.0017,0.00104,1.1e-05,0.00023,0.00336,8.36e-05,1.04e-05,0.00706,0.00023,4.54e-06,0.00149,0.00194,0.000932,5.39e-05,3.81e-05,0.000229,0.00178,0.000581,0.0035,9.28e-06,0.00064,0.000142,0.000178,0.000275,1.57e-05,2.95e-05,3.98e-05,2.02e-05,0.000135,9.37e-06,1.16e-06,0.000294,8.74e-05,0.000447,0.000114,6.67e-05,2.94e-05,0.000226,0.000349,0.000633,0.000369,0.000553
LIS-058,1,0.000184,0.000513,0.0148,0.000236,2.43e-05,0.00373,3.73e-05,0.00182,0.00256,0.000846,0.000812,4.06e-06,1.95e-05,0.000106,0.000307,0.00126,0.000806,0.0129,0.000336,7.13e-05,0.00249,9.47e-05,0.000428,2.38e-06,0.000926,0.00205,0.000293,0.000346,1.55e-05,0.000863,0.00769,5.16e-05,0.0121,0.00164,3.21e-05,4e-05,5.24e-06,0.00294,8.46e-05,0.00177,0.000171,1.3e-05,0.000179,0.000337,4.04e-05,7.67e-05,5.52e-05,5.23e-06,9.74e-05,8.38e-05,0.00209,0.000496,0.00105,0.00016,0.000354,0.000377,0.00281,0.000247,0.000273,0.000328,0.000588,3.07e-05,3.23e-05,9.37e-05,0.000439,1.11e-05,5.35e-05,0.000205,0.000178,7.39e-05,8.42e-05,0.00011,0.00391,0.000148,1.72e-05,5.45e-05,2.16e-05,0.0147,0.000234,0.000818,0.000107,0.000627,9.18e-05,2.06e-05,1.52e-05,0.000176,2.43e-06,1.22e-06,0.00677,0.00174,0.000264,0.000143,3.78e-05,0.00342,0.000278,0.000266,2.06e-05,0.000942,0.000168,0.0746,8.17e-05,0.000469,2.33e-05,3.22e-06,0.000407,8.12e-06,0.00141,0.00508,0.00145,0.000571,5.71e-06,1.88e-05,0.000358,7.8e-05,0.0012,8.63e-05,3.76e-05,0.00012,7.75e-06,4.97e-05,4.94e-05,0.000117,4.5e-05,0.00259,9.82e-05,8.9e-06,0.000267,0.00177,5.22e-05,3.92e-05,0.00935,0.000111,1.59e-06,0.00165,0.00295,0.000619,0.000139,2.25e-05,7.09e-05,0.00171,0.000439,0.00467,9.48e-06,0.000771,5.98e-05,0.000175,0.000783,1.71e-05,2.71e-05,0.000145,4.63e-05,0.000342,7.16e-06,1.29e-05,0.00101,0.000134,0.000633,6.87e-06,7.84e-05,4.14e-05,7.18e-05,0.000315,0.000384,0.000269,0.00041
LIS-061,1,0.000166,0.00131,0.00886,0.000398,4.79e-05,0.00232,2.09e-05,0.00155,0.000927,0.000657,0.00154,6.04e-06,3.3e-05,4.43e-05,0.000404,0.003,0.000645,0.0138,0.000344,1.37e-05,0.00159,0.000203,0.000336,2.48e-05,0.000942,0.00144,0.000165,0.000257,5.75e-06,0.00105,0.00607,8.46e-05,0.015,0.00242,2.31e-05,4.06e-05,7.48e-06,0.00456,7.8e-05,0.000947,0.000109,9.78e-05,0.000147,0.000362,2.86e-05,0.000114,0.00014,4.92e-06,2.87e-05,9.98e-05,0.00391,0.00069,0.00151,4.69e-05,0.000593,0.000208,0.00178,0.00023,0.000198,0.000148,0.00104,4.67e-06,2.28e-05,0.000123,0.00026,6.04e-05,4.21e-05,5.51e-05,0.000197,9.21e-05,0.00016,0.000141,0.00252,0.000123,9.29e-06,5.83e-05,7.07e-05,0.0133,0.00018,0.000415,8.53e-05,0.00121,0.000174,3.19e-05,1.17e-05,0.000117,8.63e-06,7.01e-08,0.00413,0.00105,0.000137,0.000201,0.000104,0.00196,5.26e-05,0.000193,0.000119,0.000733,0.000237,0.0818,0.000199,0.000484,7.87e-05,2.76e-06,0.000534,8.42e-06,0.00153,0.00202,0.00142,0.000623,5.31e-06,4.34e-05,0.000619,7.26e-05,0.000645,7.53e-05,8.39e-05,0.000414,8.29e-05,4.65e-05,0.000233,0.000214,3.32e-05,0.00124,0.00141,2.99e-06,0.000151,0.00214,6.48e-05,4.31e-05,0.00877,0.000623,8.42e-06,0.00133,0.00159,0.000798,0.000277,1.07e-05,0.000201,0.00189,0.000437,0.00349,5.61e-05,0.000682,0.00013,0.000149,0.000223,1.89e-05,2.19e-06,3.88e-05,8.72e-06,0.000153,9.44e-06,1.27e-05,0.000822,0.000159,0.000577,4.34e-05,9.83e-05,0.000118,0.000198,0.00036,0.000507,0.00024,0.000322
LIS-062,1,0.000232,0.000747,0.0128,0.000248,1.92e-05,0.00458,3.17e-05,0.00115,0.0028,0.000676,0.000751,3.73e-06,3.53e-05,7.63e-05,0.000471,0.00163,0.000894,0.0123,0.000267,1.87e-05,0.00223,4.51e-05,0.000498,3.27e-06,0.00106,0.00163,0.000177,0.000152,1.12e-05,0.000939,0.00448,5.8e-05,0.0109,0.00115,1.16e-05,1.74e-05,3.22e-05,0.00444,5.94e-05,0.00178,0.000198,2.53e-05,9.82e-05,0.000263,2.39e-05,8.97e-05,2.58e-05,5.19e-06,1.01e-05,4.68e-05,0.00254,0.000509,0.00119,0.000135,0.000522,0.00031,0.00219,0.000252,0.00012,0.000347,0.000663,8.25e-07,3.96e-05,9.97e-05,0.000449,2.73e-05,2.05e-05,0.000137,0.000136,0.000107,3.91e-05,8.82e-05,0.00321,9.38e-05,1.5e-05,4.14e-05,1.97e-05,0.017,0.000141,0.00116,0.000193,0.000921,9.55e-05,1.2e-05,2.88e-05,0.000156,6.24e-06,7.7e-07,0.00568,0.00146,0.000144,0.000252,5.68e-05,0.00379,4.59e-05,0.000126,4.28e-05,0.000882,0.000163,0.0849,6.04e-05,0.000568,4.65e-05,3.59e-06,0.000308,1.31e-05,0.000602,0.00241,0.00121,0.000681,2.77e-06,2.53e-05,0.000343,9.17e-05,0.000634,9.6e-05,0.000219,0.000224,1.43e-05,7.7e-05,0.000126,0.000207,5.81e-05,0.00228,0.000507,6.01e-06,0.000239,0.00238,4.61e-05,1.98e-05,0.0106,0.000389,2.54e-06,0.0016,0.00266,0.0011,0.000162,6.63e-06,0.00016,0.00121,0.000337,0.00358,2.84e-05,0.000637,0.000127,0.000177,0.000534,2.05e-05,1.2e-05,5.97e-05,4.29e-05,0.00023,4.87e-06,1.09e-05,0.000991,0.000248,0.000571,2.67e-05,9.98e-05,6.34e-05,0.000157,0.000288,0.000706,0.000128,0.000405
LIS-069,1,0.000127,0.00105,0.0128,0.000388,2e-05,0.00268,3.09e-05,0.00149,0.000727,0.000619,0.000981,1.11e-05,2.47e-05,3.94e-05,0.000457,0.00217,0.0011,0.0135,0.0003,4.27e-05,0.00142,0.00012,0.000484,2.46e-05,0.00104,0.00154,0.000578,0.000262,8.38e-06,0.0014,0.00596,6.53e-05,0.0147,0.00273,1.57e-05,3.34e-05,1.33e-05,0.0059,0.000122,0.00113,6.83e-05,1.46e-05,0.000119,0.000515,3.7e-05,0.000101,0.000116,1.9e-05,8.93e-06,8.81e-05,0.00268,0.00091,0.00238,0.000104,0.000398,0.000161,0.00185,0.000229,0.000192,0.000167,0.000958,8.11e-06,0.000108,0.000159,0.000506,3.02e-05,4.39e-05,0.000144,0.000191,0.000132,0.00212,0.000158,0.00192,8.46e-05,6.09e-06,6.76e-05,9.83e-05,0.00937,0.000169,0.00094,0.000116,0.000903,5.58e-05,6.43e-05,0.000101,0.000148,2.58e-05,1.69e-06,0.00475,0.000986,0.000135,0.000238,6.26e-05,0.00192,7.44e-05,0.00025,0.00014,0.000627,0.000206,0.0544,0.000201,0.000322,6.69e-05,1.49e-05,0.000472,1.11e-05,0.000971,0.00372,0.00106,0.000698,6.19e-06,5.7e-05,0.000567,0.000123,0.000654,0.000103,9.64e-05,0.000218,7.69e-05,3.61e-05,0.000126,0.000276,5.91e-05,0.00158,0.00132,7.81e-06,0.000178,0.00169,0.000115,0.000145,0.00639,0.00023,1.67e-06,0.00151,0.00133,0.0008,0.000368,3.55e-06,0.000292,0.00191,0.000148,0.00248,8.59e-06,0.000608,7.86e-05,0.000151,0.000218,1.54e-05,3.6e-05,6.63e-05,5.62e-05,0.000187,2.06e-05,1.36e-05,0.0011,9.49e-05,0.000428,4.56e-05,7.64e-05,8.34e-05,0.000108,0.000254,0.000331,0.00027,0.000239
LIS-073,0,0.000319,0.000946,0.0244,0.000306,6.43e-05,0.00449,3.04e-05,0.0018,0.00164,0.00122,0.00108,1.12e-05,1.49e-05,0.0001,0.000794,0.00272,0.0013,0.0228,0.000386,4.47e-05,0.00202,0.000133,0.000452,3.3e-06,0.00111,0.00368,0.000349,0.000223,1.51e-05,0.00133,0.00594,4.83e-05,0.016,0.00232,6.04e-05,6.17e-05,2.67e-05,0.0048,9.9e-05,0.00145,0.000172,7.61e-06,0.000147,0.000303,3.54e-05,0.000171,7.56e-06,1.16e-05,2.77e-05,0.000125,0.00194,0.000762,0.000866,0.000116,0.000567,0.000168,0.00164,0.000297,0.000115,0.000269,0.00135,6.85e-07,4.34e-05,0.000136,0.000471,1.68e-05,3.18e-05,0.000251,0.000244,0.000164,0.000694,0.000146,0.00327,0.000187,5.02e-06,5.22e-05,2.94e-05,0.0153,0.00018,0.00084,0.000161,0.000944,3.98e-05,1.68e-05,6.87e-05,0.000165,4.24e-06,6.28e-07,0.00701,0.00195,0.000134,0.000313,5.23e-05,0.00338,6.26e-05,0.00031,0.000131,0.00121,0.000239,0.0577,5.74e-05,0.000463,3.15e-05,4.52e-06,0.000462,3.71e-06,0.00105,0.00477,0.00109,0.00086,6.15e-06,0.000129,3.85e-05,0.00018,0.000983,0.000579,0.000118,0.000288,2.1e-05,6.09e-05,9.9e-05,0.0004,4.04e-05,0.00169,0.000718,8.45e-06,0.000194,0.00269,3.53e-05,2.5e-05,0.00882,0.000531,4.81e-06,0.0016,0.00271,0.000923,0.000229,4.17e-06,0.000147,0.00163,0.000156,0.00406,8.2e-06,0.000738,0.000266,9.83e-05,0.000368,1.32e-05,1.07e-05,4.52e-05,5.8e-05,0.000274,3.98e-05,1.99e-06,0.00101,0.000325,0.000638,3.1e-05,9.06e-05,9.55e-05,0.000107,0.000358,0.00075,0.000289,0.000497
LIS-081,1,0.000247,0.000746,0.0171,0.00037,0.000311,0.00452,2.71e-05,0.00155,0.0024,0.000644,0.00119,1.53e-05,2.53e-05,7.13e-05,0.000474,0.00175,0.00194,0.0137,0.000208,7.68e-05,0.00261,0.00011,0.000344,1.36e-05,0.00121,0.0026,0.000324,0.000259,1.8e-05,0.00131,0.00577,6.07e-05,0.0123,0.0024,1.64e-05,2.49e-05,2.39e-05,0.00428,0.000155,0.00145,0.000143,0.000227,0.000165,0.000286,3e-05,9.99e-05,9.45e-05,1.75e-05,5.38e-05,7e-05,0.00277,0.000114,0.000183,9.26e-05,0.000281,0.000315,0.00203,0.000187,0.000218,0.000224,0.000805,7.78e-06,3.04e-05,7.24e-05,0.000202,1.26e-05,4.87e-05,5.68e-05,0.000135,0.000229,0.000852,0.000148,0.00277,0.000208,4.38e-06,0.00023,4.59e-05,0.00872,0.00034,0.000563,0.000202,0.00074,0.000102,2.16e-05,3.99e-07,0.000521,1.02e-05,8.7e-07,0.00546,0.00133,0.000216,0.000197,0.000101,0.0024,2.32e-05,0.000295,7.8e-05,0.000756,0.000188,0.0773,0.000119,0.000331,6.17e-05,1.63e-05,0.000351,1.83e-06,0.000769,0.0034,0.00126,0.0011,3.7e-06,2.64e-05,0.00035,6.41e-05,0.000676,8.44e-05,4.27e-05,0.000219,7.52e-05,2.81e-05,9.36e-05,0.000362,3.46e-05,0.00144,0.00055,6.37e-06,0.000321,0.00704,2.92e-05,2.41e-05,0.00745,0.000618,3.94e-06,0.00161,0.00227,0.00122,0.000237,9.09e-06,0.000128,0.00127,0.000304,0.00335,3.14e-05,0.000662,0.000156,0.000102,0.000413,1.46e-05,1.25e-05,4.95e-05,2.05e-05,0.000265,8.59e-06,9.55e-06,0.000752,0.000122,0.000569,2.9e-05,0.000116,6.26e-05,0.000102,0.000127,0.000462,0.000294,0.000324
LIS-084,1,0.000199,0.000811,0.0149,0.000281,0.000268,0.00387,2.71e-05,0.000973,0.00222,0.000861,0.00111,1.55e-05,3.92e-05,0.000127,0.000424,0.00244,0.00159,0.0147,0.000348,2.14e-05,0.00234,8.44e-05,0.000518,2.1e-05,0.00104,0.00176,0.000158,0.000107,7.88e-06,0.00173,0.00537,7.57e-05,0.0126,0.00341,1.52e-05,5.94e-05,6.77e-05,0.00525,9.48e-05,0.00156,0.000156,0.00017,0.00013,0.000376,2.76e-05,0.000113,0.00017,3e-05,9.9e-07,0.000102,0.00306,0.000114,0.00194,9.83e-05,0.000398,0.000217,0.00143,0.000141,0.000187,0.000232,0.000883,7.11e-06,2.6e-05,0.000131,0.000366,5.96e-05,5.72e-05,6.45e-05,0.000108,0.000103,5.84e-05,0.000182,0.00343,0.000106,9.34e-06,2.79e-05,3.6e-05,0.0117,0.000197,0.00104,0.0002,0.00107,2.55e-05,1.49e-05,5.48e-07,0.000137,2.52e-06,8.33e-07,0.00568,0.00135,0.00024,0.000226,5.32e-05,0.00294,4.18e-05,0.000249,8.59e-05,0.000625,0.000235,0.0775,0.000229,0.000494,5.05e-05,7.23e-06,0.00042,1.58e-05,0.0015,0.00302,0.00136,0.000363,6.93e-06,3.99e-05,0.000374,0.000128,0.000672,8.12e-05,0.000182,0.00024,1.2e-05,5.26e-05,0.000135,0.000414,8.05e-05,0.00185,0.00082,6.52e-06,0.000261,0.00408,9.35e-05,2.14e-05,0.00682,0.000607,1.22e-06,0.00169,0.00296,0.00142,2.31e-05,1.93e-05,0.000159,0.00185,0.000317,0.00395,2.43e-05,0.000788,0.000153,0.00021,0.00147,1.86e-05,1.35e-05,9.78e-05,5.37e-06,0.000207,7.97e-06,1.32e-05,0.00081,7.83e-05,0.00072,2.88e-05,6.2e-05,7.21e-05,0.000144,0.000241,0.000518,0.000298,0.000334
LIS-085,1,0.000228,0.000707,0.019,0.000381,5.93e-05,0.00373,3.25e-05,0.0011,0.00197,0.000626,0.0013,1.23e-05,1.25e-05,7.02e-05,0.000606,0.00196,0.00185,0.0129,0.000295,1.59e-05,0.00212,0.000206,0.000505,1.9e-05,0.000974,0.00235,0.000263,0.000179,9.14e-06,0.000653,0.00515,1.63e-05,0.0116,0.00242,1.87e-05,2.09e-05,6.69e-05,0.00602,0.000115,0.00147,0.000134,0.000162,0.000123,0.000351,2.85e-05,0.000104,0.000174,2.8e-05,1.28e-06,7.32e-05,0.00351,0.000569,0.00162,0.000195,0.000402,0.000271,0.00161,0.0006,0.000114,0.00026,0.000823,5.88e-06,2.88e-05,0.000133,0.00019,1.91e-05,6.79e-05,6.05e-05,0.000135,4.87e-05,3.4e-05,0.00011,0.00317,8.09e-05,1.6e-05,4.23e-05,8.85e-05,0.011,0.000198,0.000848,6.87e-05,0.000651,3.13e-05,1.81e-05,1.65e-05,0.000227,1.17e-05,2.04e-07,0.00472,0.00115,0.000128,0.000157,4.4e-05,0.00272,9.4e-05,0.000231,6.5e-05,0.000903,0.000208,0.0532,0.000207,0.000443,4.49e-05,3.53e-06,0.000396,1.4e-06,0.000518,0.00379,0.00111,0.00049,2.07e-06,3.95e-05,4.85e-05,0.000313,0.000737,7.76e-05,3.25e-05,0.000216,2.98e-05,5.26e-05,0.000145,0.000302,3.43e-05,0.00223,0.0007,2.08e-06,0.000265,0.00118,4.01e-05,2.37e-05,0.00592,0.000727,3.16e-06,0.00137,0.00314,0.000941,2.61e-05,6.48e-06,9.25e-05,0.00166,0.000107,0.00305,2.51e-05,0.000704,0.00015,0.000166,0.000693,1.69e-05,5.6e-05,3.31e-05,4.49e-05,0.000137,1.03e-05,1.1e-06,0.000795,7.49e-05,0.000566,3.07e-05,2.66e-05,7.06e-05,0.00013,0.000146,0.000674,0.000273,0.000329
LIS-087,1,0.000163,0.000535,0.0148,0.00041,0.000253,0.00265,3e-05,0.000992,0.00278,0.000757,0.00106,6.45e-06,5.37e-06,4.67e-05,0.000399,0.00209,0.000931,0.0153,0.000196,2.6e-05,0.00219,0.0001,0.000379,2.73e-06,0.000904,0.00194,0.000492,0.000139,1.23e-05,0.00127,0.00608,3.67e-05,0.014,0.00228,1.32e-05,4.31e-05,1.32e-05,0.00453,3.44e-05,0.00105,0.000153,2.16e-05,0.000129,0.000417,2.12e-05,0.000111,6.91e-05,3.19e-05,7.23e-06,6.75e-05,0.00317,0.00049,0.00183,0.000121,0.000439,0.000198,0.00178,0.000138,0.000172,0.000243,0.000469,1.56e-06,2.01e-05,6.58e-05,0.00026,3.77e-05,2.1e-05,0.000276,0.000181,0.000176,3.66e-05,0.000115,0.00254,7.96e-05,1.13e-05,2.8e-05,2.15e-05,0.00978,0.00019,0.000519,6.72e-05,0.000809,0.000101,9.72e-06,1.23e-06,0.000137,1.88e-05,6.51e-07,0.00484,0.00117,0.000362,0.000126,6.13e-05,0.00239,6.16e-05,0.000191,8.26e-05,0.000808,0.000171,0.0659,0.000118,0.000391,4.39e-05,1.29e-05,0.000303,6.89e-06,0.000234,0.00294,0.00108,0.00077,3.82e-06,1.59e-05,0.000384,0.000173,0.000541,9.61e-05,0.000257,0.000224,1.14e-05,4.84e-05,0.000164,0.000225,7.31e-05,0.00183,0.000957,6.35e-06,0.000173,0.00252,3.59e-05,0.00012,0.00554,0.000203,4e-06,0.00157,0.00233,0.000978,0.000207,2.81e-06,0.00019,0.00163,9.58e-05,0.00361,9.53e-06,0.000609,0.000125,0.000133,0.000374,3.69e-05,1.85e-05,5.02e-05,2.97e-05,0.000235,9.52e-06,1.14e-06,0.000783,5.17e-05,0.00106,3.63e-05,5.96e-05,8.35e-05,9.62e-05,0.000131,0.000666,0.00029,0.000191
LIS-088,1,0.00026,0.00081,0.0137,0.000233,0.000293,0.00582,3.43e-05,0.00114,0.00287,0.00103,0.00108,1.61e-05,2.49e-05,0.000105,0.000468,0.00184,0.000859,0.0169,0.00072,1.21e-05,0.00324,6.88e-05,0.000368,5.5e-06,0.00132,0.00207,0.000156,0.000158,9.99e-06,0.000865,0.00736,9.53e-05,0.0122,0.00266,2.19e-05,3.06e-05,1.75e-05,0.00443,9.84e-05,0.00152,0.000196,0.000198,0.000157,0.000496,3.58e-05,0.00011,7.05e-05,2.43e-05,1.37e-05,8.02e-05,0.00305,0.000586,0.000272,0.000114,0.000779,0.000358,0.00278,0.000166,0.000184,0.000327,0.000695,4.42e-06,5.13e-05,0.000128,0.00057,3.43e-05,0.000104,4.96e-05,0.000162,0.000119,6.13e-05,0.000217,0.00385,0.00015,2.28e-05,0.000124,4.72e-05,0.0166,0.000202,0.000856,0.000339,0.000908,5.03e-05,1.33e-05,1.72e-05,0.000194,4.92e-06,3.07e-06,0.00841,0.00152,0.000221,0.000248,5.11e-05,0.00304,7.27e-05,0.000256,9.89e-05,0.000641,0.000163,0.0631,0.000101,0.00058,6.32e-05,9.09e-06,0.000517,2.37e-06,0.00184,0.00472,0.00212,0.000667,1.32e-05,2.61e-05,0.000443,0.000119,0.00105,9.1e-05,0.000133,0.00042,7.3e-05,5.62e-05,5.62e-05,0.000404,7.43e-05,0.00251,0.000879,2.53e-06,0.000471,0.00198,5.42e-05,2.2e-05,0.0093,0.00071,1.05e-05,0.00183,0.00349,0.00169,0.000213,2.35e-05,0.000308,0.00205,0.000114,0.00479,1.7e-05,0.00103,0.000193,9.84e-05,0.000562,6.93e-05,8.97e-06,4.9e-05,4.24e-05,0.000345,1.13e-05,1.16e-05,0.000801,7.57e-05,0.000756,5.72e-05,6.7e-05,4.36e-05,0.000195,0.000239,0.000677,0.000302,0.000551
LIS-094,1,0.000237,0.000607,0.0107,0.000154,0.000282,0.00307,2.64e-05,0.00102,0.00212,0.000555,0.000959,7.81e-06,2.63e-06,8.65e-05,0.000511,0.0019,0.000928,0.0129,0.000237,3.48e-05,0.00173,8.7e-05,0.000304,1.44e-06,0.0009,0.00157,0.000341,0.000118,4.17e-06,0.000982,0.00435,1.88e-05,0.0106,0.0012,8.13e-06,1.74e-05,1.11e-05,0.00315,7.14e-05,0.0013,0.000156,6.69e-05,0.000157,0.000222,2.67e-05,9.29e-05,0.000103,4.01e-05,6.92e-06,7.27e-05,0.00245,0.000112,0.00107,9.16e-05,0.000317,0.000225,0.0026,0.000224,0.000104,0.000222,0.000634,2.16e-07,2.36e-05,5.39e-05,0.000344,2.7e-05,6.35e-05,3.88e-05,0.000209,0.000152,4.31e-05,0.000111,0.0035,9.92e-05,9.11e-06,3.03e-05,3.42e-05,0.0123,0.000141,0.000887,0.000101,0.000661,4.35e-05,1.35e-05,4.01e-07,0.000205,7.08e-06,1.93e-06,0.00472,0.0011,0.000164,0.000186,7.5e-05,0.00227,7.62e-05,0.000136,5.64e-05,0.000548,0.000129,0.0889,0.000154,0.000366,2.82e-05,5.7e-06,0.000449,9.14e-06,0.000965,0.00298,0.00163,0.000502,6.45e-06,3.95e-05,0.000351,4.24e-05,0.00059,8.49e-05,0.000145,0.000174,1.21e-05,3.91e-05,8.14e-05,0.000287,4.25e-05,0.00175,0.000505,6.35e-07,0.000221,0.00185,9.34e-05,0.000106,0.00656,0.000169,2.06e-06,0.00151,0.00243,0.000911,0.000181,2.15e-05,0.000133,0.0016,0.000111,0.0038,2.07e-05,0.000694,0.000155,0.000124,0.000571,5.74e-05,1.3e-05,0.000113,3.94e-05,0.00021,1.32e-06,4.33e-06,0.0009,0.000129,0.000372,1.92e-05,3.35e-05,2.76e-05,8.15e-05,0.000323,0.000513,0.000212,0.000216
LIS-096,1,0.000224,0.00081,0.00958,0.00019,6.6e-05,0.0031,2.21e-05,0.000768,0.0015,0.000557,0.0016,1.12e-05,1.3e-05,5.78e-05,0.000446,0.00187,0.00121,0.0145,0.00025,4.11e-05,0.00168,0.000104,0.00037,2.4e-05,0.000975,0.00151,0.000319,0.000232,9.89e-06,0.000879,0.0044,4.3e-05,0.0105,0.00262,5.27e-06,5.07e-05,1.16e-05,0.00461,7.08e-05,0.00107,8.84e-05,1.46e-05,9.46e-05,0.000312,1.42e-05,9.95e-05,0.00016,5.96e-06,0.000101,9.49e-05,0.00251,0.000592,0.00214,0.000145,0.000277,0.000195,0.00167,0.000186,9.74e-05,0.000178,0.000853,3.12e-05,2.6e-05,9.64e-05,0.000341,7.19e-05,5.03e-05,2.32e-05,0.000164,8.39e-05,2.8e-05,0.000166,0.00243,8.87e-05,7.24e-06,4.19e-05,6.01e-05,0.00752,0.000197,0.000991,0.000202,0.000819,2.46e-05,5.77e-05,8.1e-06,0.000231,1.1e-05,1.68e-07,0.00479,0.00126,0.000201,0.000187,6.65e-05,0.00192,0.000367,0.000219,0.000123,0.000569,0.000169,0.0783,0.00026,0.000184,5.24e-05,5.23e-06,0.000328,4.2e-05,0.0013,0.00206,0.00139,0.000515,6.06e-06,1.6e-05,8.52e-05,8.21e-05,0.000598,6.48e-05,5.84e-05,0.000164,7.62e-05,3.57e-05,6.9e-05,0.000287,2.58e-05,0.00145,0.00151,5.67e-06,0.000197,0.00203,6.24e-05,0.000124,0.00478,0.000183,5.75e-06,0.00132,0.00239,0.001,0.000284,7.38e-06,0.000134,0.0015,6.38e-05,0.00365,0.000114,0.000646,0.000128,0.000133,0.000378,1.99e-05,3.31e-05,3.47e-05,4.53e-05,0.000204,1.05e-05,2.89e-06,0.000764,0.000146,0.000505,4.08e-05,0.000107,2.98e-05,8.16e-05,0.000247,0.000406,0.000157,0.000308
LIS-097,1,0.000182,0.000854,0.0116,0.000262,0.000115,0.0044,3.1e-05,0.00172,0.0015,0.001,0.00173,2.27e-06,2.64e-05,8.1e-05,0.000486,0.00276,0.00116,0.0192,0.000269,7.96e-05,0.00232,6.96e-05,0.000709,8.89e-06,0.000992,0.00197,0.00049,0.000379,1.28e-05,0.00101,0.00639,3.5e-05,0.013,0.0046,4.48e-06,2.49e-05,6.08e-06,0.00286,0.000102,0.00152,0.000191,2.49e-05,0.000158,0.000277,3.61e-05,0.000128,0.000147,2.33e-05,5.27e-06,5.42e-05,0.00422,0.000929,0.00136,0.000176,0.000467,0.000203,0.002,0.000331,0.000111,0.000298,0.00103,1.72e-06,6.75e-05,0.000151,0.000529,3.14e-05,2.72e-05,0.000295,0.00015,0.000229,0.000181,0.000108,0.00429,0.000106,5.99e-06,5.3e-05,5.13e-05,0.00768,0.000211,0.00143,9.39e-05,0.000924,0.000176,3.95e-05,7.82e-06,0.000287,1.56e-05,5.62e-06,0.00683,0.00138,0.000366,0.000401,8.74e-05,0.00323,5.09e-05,0.000376,0.000115,0.000672,0.000283,0.118,0.000325,0.000247,6.47e-05,7.94e-06,0.000417,4.52e-06,0.000329,0.00345,0.00164,0.000873,2.67e-06,0.000132,0.000567,0.00011,0.001,0.000146,7.96e-05,0.00072,1.01e-05,4.04e-05,0.000106,0.000367,0.000103,0.00208,0.000685,1.4e-06,0.00015,0.00603,6.82e-05,0.000186,0.0059,0.000211,6.17e-06,0.00147,0.00251,0.00209,0.000317,4.2e-05,0.000156,0.00221,0.000409,0.00376,6.43e-06,0.000789,0.000143,0.000156,0.000344,1.32e-05,2.11e-05,0.00012,1.78e-05,0.000175,1.57e-05,2.66e-05,0.000972,0.000243,0.000641,4.19e-05,0.000116,9.33e-05,0.00018,0.000426,0.00078,0.000147,0.000358
LIS-102,1,0.000195,0.000431,0.0128,0.000336,5.45e-05,0.00396,2.62e-05,0.0016,0.00253,0.00052,0.00148,1.34e-05,2.35e-05,5.48e-05,0.000409,0.00228,0.00137,0.0179,0.00029,7.41e-05,0.00179,0.000135,0.0005,3.4e-05,0.000573,0.00193,0.000405,0.000282,1.07e-05,0.0011,0.00629,1.73e-05,0.0126,0.00302,8.96e-06,4e-05,2.96e-05,0.00344,7.65e-05,0.000972,0.000151,2.22e-05,0.000261,0.00038,1.22e-05,0.000114,1.33e-05,3.62e-05,8.17e-05,8.22e-05,0.00336,0.000763,0.00199,0.000187,0.000618,0.000356,0.00245,0.000152,0.000128,0.000327,0.000844,7.88e-07,2.25e-05,0.000137,0.000333,2.52e-05,2.68e-05,0.000194,0.000235,0.000179,0.00143,0.000147,0.00305,0.000164,1.8e-05,5.62e-05,0.000114,0.0103,0.000222,0.00161,8.9e-05,0.00106,2.03e-05,1.92e-05,7.19e-06,0.000167,5.69e-06,1.99e-06,0.00693,0.00108,0.000166,0.000424,6.03e-05,0.00314,8.14e-05,0.000319,9.6e-05,0.000895,0.000238,0.097,0.000166,0.000446,4.78e-05,1.33e-05,0.000401,4.15e-06,0.00127,0.00351,0.00121,0.000897,3.28e-06,2.75e-05,0.000458,5.37e-05,0.000857,7.76e-05,4.11e-05,0.000254,2.21e-05,3.97e-05,0.000211,0.00015,4.88e-05,0.00214,0.00083,5.21e-06,0.000302,0.0121,0.000143,0.000135,0.00779,0.000534,1.01e-05,0.00199,0.00332,0.00153,0.000306,3.81e-05,0.00026,0.00195,0.000366,0.00402,9.22e-06,0.00069,0.000133,0.000135,0.000672,5.13e-05,2.26e-05,0.000133,1.36e-05,0.000182,4.93e-05,1.54e-05,0.00103,6.58e-05,0.000648,1.24e-05,0.000255,5.76e-05,0.000242,0.00036,0.000693,0.00025,0.0002
LIS-103,1,0.000101,0.000716,0.00615,0.000183,0.000392,0.00287,2.13e-05,0.000943,0.00114,0.000697,0.00133,1.2e-05,3.59e-05,7.26e-05,0.000329,0.00244,0.00124,0.0162,0.00024,1.81e-05,0.00146,0.00016,0.000964,7.7e-06,0.000787,0.000973,0.000293,0.000181,1.04e-05,0.00142,0.00417,9.61e-06,0.0117,0.00332,1.9e-05,3.6e-05,3.37e-06,0.00363,6.84e-05,0.000598,5.58e-05,3.15e-05,7.18e-05,0.000207,1.49e-05,0.000124,2.64e-05,3.15e-05,2.89e-06,6.53e-05,0.00309,0.000116,0.00326,0.000104,0.000415,0.000213,0.00136,0.000431,8.92e-05,0.000191,0.00155,7.16e-06,1.34e-05,9.03e-05,0.000448,8.32e-06,2.83e-05,0.00017,0.00015,9.46e-05,6.16e-05,0.000119,0.00209,0.000106,1.03e-05,4.19e-05,6.81e-05,0.00789,0.000159,0.000529,6.72e-05,0.000557,0.000166,2.51e-05,6.51e-05,0.000229,6.35e-06,6.69e-07,0.00474,0.000739,0.000245,8.18e-05,9.28e-05,0.00168,0.000165,0.000254,0.000156,0.000452,0.00024,0.0659,0.000305,0.000315,3.7e-05,1.51e-05,0.000231,2.96e-05,0.000325,0.00154,0.000975,9.76e-05,3.59e-06,0.000125,0.000501,7.15e-05,0.000804,0.000106,0.000415,0.000155,2.14e-05,3.05e-05,0.000114,0.000231,4.68e-05,0.00132,0.00196,3.91e-07,0.000143,0.00343,4.64e-05,0.000131,0.00555,0.000158,5.51e-06,0.00129,0.00153,0.000876,0.000373,3.08e-05,0.000302,0.00161,0.000486,0.00225,3.5e-05,0.00054,0.000102,0.00012,0.000336,1.5e-05,3.43e-05,0.000103,5.22e-05,0.000237,1.26e-05,9.02e-06,0.000761,5.25e-05,0.000315,5.98e-05,6.4e-05,3.8e-05,0.000174,0.000431,0.000572,0.000333,0.000168
LIS-104,1,0.000237,0.000839,0.0135,0.000483,9.06e-05,0.00258,2.72e-05,0.000728,0.000776,0.000607,0.00122,2.18e-06,1.23e-05,7.58e-05,0.000462,0.00253,0.00131,0.0147,0.000444,4.25e-05,0.00183,0.000217,0.0005,1.31e-05,0.00122,0.00222,0.000233,0.000177,1.32e-05,0.00203,0.00571,4.4e-05,0.0164,0.00294,1.59e-05,7.64e-05,2.08e-05,0.00383,6.71e-05,0.000787,3.76e-05,6.3e-05,0.0002,0.000277,1.67e-05,0.000115,2.95e-05,1.33e-05,1.23e-05,9.12e-05,0.00375,0.00019,0.000216,6.21e-05,0.000473,0.000201,0.00134,0.00037,0.000179,0.000109,0.000802,3.03e-06,1.54e-05,0.000154,0.000135,1.91e-05,3.03e-05,7.26e-05,0.000157,0.000165,4.5e-05,0.000154,0.00266,0.000118,8.41e-06,5.1e-05,3.58e-05,0.00875,0.00025,0.000582,6.03e-05,0.00129,1.53e-05,3.7e-05,9.16e-07,0.000332,1.91e-05,1.74e-06,0.00454,0.00109,0.000602,0.000176,0.000109,0.0015,0.000105,0.000276,0.000126,0.000596,0.000234,0.0538,8.96e-05,0.000374,1.76e-05,1.24e-06,0.000371,3.52e-05,0.00152,0.00215,0.000878,0.000771,5.03e-06,1.49e-05,0.000476,0.000127,0.000623,0.000114,2.14e-05,0.000266,1.73e-05,3.84e-05,0.000212,0.000363,4.07e-05,0.000981,0.000849,6.82e-06,0.000334,0.0039,2.88e-05,0.000181,0.00389,0.000235,3.57e-06,0.0013,0.00167,0.00102,2.77e-05,2.48e-05,0.000108,0.00154,0.000734,0.00239,1.87e-05,0.000565,0.000258,0.000126,0.000389,7.15e-05,2.45e-05,0.000139,5.51e-05,0.00019,1.69e-05,2.84e-06,0.000889,4.46e-05,0.000705,1.24e-05,0.000158,0.00013,0.000259,0.000108,0.000396,0.000628,0.000314
LIS-116,1,0.000159,0.000663,0.00757,0.000362,7.68e-05,0.00325,2.4e-05,0.00125,0.000887,0.000558,0.00135,3.84e-06,2.17e-05,7.97e-05,0.000319,0.00244,0.00149,0.0172,0.000277,2.89e-05,0.00189,0.000167,0.000321,4.83e-06,0.000901,0.00204,0.000412,0.000134,4.9e-06,0.0012,0.0048,3.22e-05,0.0124,0.00394,9.38e-06,4.57e-05,2.31e-05,0.00299,3.48e-05,0.000359,6.83e-05,1.09e-05,0.000145,0.000303,3.85e-05,0.000116,8.87e-05,1.43e-05,8.44e-07,6.66e-05,0.00197,0.000885,0.00153,6.72e-05,0.000743,7.9e-05,0.00188,0.000184,0.000181,8.62e-05,0.00092,1.34e-06,3.09e-06,0.000105,0.000513,1e-05,2.29e-05,0.000188,0.000132,0.000123,5.02e-05,0.000121,0.00217,9.53e-05,8.26e-06,2.37e-05,6.76e-05,0.00734,0.000195,0.00052,8.1e-05,0.00106,1.71e-05,1.83e-05,4e-06,0.000705,4.52e-06,1.59e-06,0.00405,0.00108,0.0004,0.000283,7.68e-05,0.00136,0.000109,0.000319,8.72e-05,0.000782,0.000275,0.0821,0.000175,0.000255,6.24e-05,1.6e-06,0.000316,2.76e-05,0.000333,0.00118,0.00105,0.000767,6.21e-06,0.000135,0.000483,0.000115,0.000434,5.15e-05,8.47e-05,0.000289,1.43e-05,3.13e-05,5.5e-05,0.000208,9.79e-05,0.000733,0.000789,5.65e-07,8.82e-05,0.00264,6.61e-05,1.51e-05,0.00404,0.000136,7.71e-06,0.000884,0.00113,0.0014,0.000262,2.38e-05,0.000163,0.0014,7.75e-05,0.00371,0.000117,0.000609,0.000143,8.91e-05,0.000421,8.89e-05,1.23e-05,9.15e-05,1.48e-05,0.000131,1.28e-05,1.49e-06,0.000849,5.61e-05,0.000511,4.81e-05,0.000376,4.71e-05,8.65e-05,0.000354,0.000615,0.000277,0.000354
LIS-117,1,0.000168,0.000128,0.0109,0.000314,4.17e-05,0.00315,2.03e-05,0.000949,0.00135,0.000758,0.000606,9.21e-06,3.98e-05,7.78e-05,0.000356,0.00238,0.0017,0.0167,0.00018,3.82e-05,0.0017,6.35e-05,0.000998,3.44e-06,0.00123,0.0021,0.000271,0.000348,5.46e-06,0.00159,0.00498,3.6e-05,0.0132,0.00209,3.77e-05,4.41e-05,2.33e-05,0.00314,0.000248,0.000795,9.71e-05,5.89e-06,0.000114,0.000405,2.97e-05,0.000121,8.68e-05,1.03e-05,0.000121,5.43e-05,0.00338,0.000454,0.000943,0.000101,0.000176,0.00111,0.00161,0.000263,0.00014,0.000213,0.000707,6.69e-07,2.1e-05,0.000133,0.000294,9.46e-05,2.96e-05,0.000142,0.00014,0.000143,5.23e-05,8.04e-05,0.0025,7.8e-05,8.34e-06,5.94e-05,3.08e-05,0.00938,0.000257,0.00107,5.45e-05,0.00106,7.04e-06,1.25e-05,6.77e-07,0.000269,2.29e-05,2.86e-06,0.00422,0.000752,0.0003,0.000297,0.000294,0.00247,8.63e-05,0.000324,8.52e-05,0.000787,0.000174,0.103,0.000129,0.000401,2.4e-05,3.44e-07,0.000251,2.33e-05,0.000165,0.00169,0.00085,0.000867,7.88e-06,3.85e-05,0.000377,6.77e-05,0.000496,0.000268,0.000125,0.000335,1.73e-05,4.12e-05,0.000106,0.000136,3.4e-05,0.00202,0.000655,1.39e-06,0.000145,0.00997,7.16e-05,2.85e-05,0.00607,0.000263,9.18e-06,0.00124,0.00228,0.00106,0.000148,4.41e-06,0.000164,0.00144,0.000147,0.00375,8.1e-06,0.000438,6.64e-05,8.84e-05,0.000466,3.64e-05,8.86e-06,6.85e-05,4.92e-05,0.000209,5.94e-06,1.08e-05,0.00104,9.71e-05,0.000372,2.59e-05,0.000104,6.01e-05,0.00015,0.000301,0.000679,0.00031,0.000153
103698,0,0.000156,0.000663,0.0127,0.000272,0.000253,0.00323,2.45e-05,0.00123,0.00138,0.000242,0.000992,9.98e-06,2.52e-05,0.000196,0.000527,0.00141,0.00078,0.0092,0.000233,8.49e-05,0.00205,0.00014,0.000505,3.59e-05,0.000585,0.00237,0.000302,0.000195,8.59e-06,0.0008,0.00396,5.73e-05,0.0103,0.000714,3.67e-05,3.84e-05,4.6e-05,0.00115,0.000204,0.00176,8.29e-05,1.2e-05,0.000161,0.000186,3.71e-05,9.32e-05,9.64e-05,1.8e-05,4.58e-05,5.81e-05,0.00217,0.000378,0.00207,8.49e-05,0.000704,0.000469,0.00113,0.000403,0.000127,0.00027,0.000895,4.95e-06,1.88e-05,0.000146,0.00041,2.21e-05,3.04e-05,0.00107,0.000146,0.000113,0.000247,0.000211,0.000982,0.000134,4.97e-06,2.54e-05,5.39e-05,0.00439,0.000169,0.00091,8.83e-05,0.00123,0.000119,1.75e-05,7.26e-06,0.000278,2.220446049250313e-16,1.17e-07,0.00408,0.00179,0.000109,0.000111,7.28e-05,0.00191,1.54e-05,0.000172,0.000112,0.00119,0.000188,0.0316,8.26e-05,0.000194,7.84e-05,4.59e-06,0.000434,1.62e-06,0.000216,0.00165,0.000289,0.000794,1.22e-05,8.34e-05,0.00022,0.000158,0.000376,9.12e-05,0.000108,0.00036,5.66e-05,3.46e-05,9.76e-05,0.000186,5.81e-05,0.00106,0.000919,1.54e-06,0.00015,0.00218,4.41e-05,0.000246,0.00585,0.000232,2.48e-06,0.0013,0.00166,0.000402,0.00017,1.96e-05,0.000143,0.000746,0.000747,0.0024,3.49e-05,0.000308,0.000161,0.00011,0.000305,1e-05,3.65e-05,7.49e-05,3.83e-05,0.000161,2.34e-05,3.02e-06,0.00108,6.85e-05,0.00051,3.39e-05,4.04e-05,2.1e-05,0.000127,6.69e-05,0.000395,0.000272,0.000596
107702,0,0.000293,0.000321,0.0158,0.000284,0.00023,0.00373,3.3e-05,0.00142,0.00298,0.000431,0.0017,7.82e-06,9.91e-06,7.93e-05,0.00102,0.00176,0.000759,0.00848,0.000354,1.97e-05,0.00283,0.000223,0.000595,3.17e-05,0.000867,0.00248,0.000278,0.000509,8.18e-05,0.000939,0.00435,3.98e-05,0.00656,0.00152,2.26e-05,7.98e-05,7.83e-05,0.00164,9.84e-05,0.00194,0.000137,5.45e-05,0.000288,0.000245,8.63e-06,7.16e-05,2.64e-05,4.92e-06,1.4e-05,8.01e-05,0.00167,0.000164,0.00122,0.000188,0.000761,0.000623,0.00194,0.000291,0.000314,0.000308,0.00108,7.07e-06,5.48e-05,0.000107,0.000369,5.77e-05,6.64e-05,0.000268,0.000254,0.000127,0.000127,0.000181,0.00154,0.000141,2.14e-05,5.07e-05,0.000108,0.00833,0.000329,0.000754,0.000146,0.000747,9.65e-05,2.74e-05,8.04e-06,0.000402,1.8e-05,2.78e-06,0.00436,0.00165,0.000473,0.000148,7.9e-05,0.00248,1.64e-05,0.00041,1.42e-05,0.00153,0.000319,0.0358,2.48e-05,0.000273,4.88e-05,1.09e-05,0.000312,1.9e-05,0.0022,0.0013,0.000631,0.000938,4.64e-06,1.36e-05,5.53e-05,0.000126,0.000716,0.000152,0.000156,0.000679,4.21e-05,4.72e-05,0.000183,0.000262,6.07e-05,0.00252,0.000488,9.72e-07,0.000217,0.00207,5.08e-05,0.000104,0.00583,0.000211,4.01e-06,0.00146,0.00197,0.000526,0.000118,4.28e-05,0.000446,0.00112,0.000663,0.00269,3.36e-05,0.000551,0.000111,0.000177,0.000431,3.76e-06,2.12e-05,0.000108,3.25e-05,0.000291,1.04e-05,9.35e-06,0.000781,0.000281,0.000816,0.000107,3.44e-05,7.62e-05,0.000268,0.000127,0.000494,0.000355,0.00093
108726,0,0.000136,0.000968,0.00825,0.000395,0.000476,0.00344,2.65e-05,0.00177,0.00169,0.000219,0.00135,1.47e-05,1.33e-05,0.000164,0.000519,0.00203,0.00167,0.0143,0.000125,7.55e-05,0.00191,0.00018,0.000452,2.6e-05,0.000462,0.00168,0.000302,0.000187,5.57e-06,0.00117,0.0049,3.86e-05,0.00983,0.00116,3.56e-05,4.66e-05,1.98e-05,0.00196,7.53e-05,0.00267,0.00017,1.04e-05,0.000144,0.000386,2.39e-05,8.62e-05,6.51e-05,5.04e-06,8.09e-05,4.08e-05,0.00273,0.000117,0.00247,0.000162,0.00038,0.000891,0.00136,0.000459,0.000202,0.000332,0.00069,1.76e-05,3.64e-05,0.000114,0.000512,8.78e-05,2.34e-05,0.000209,0.000249,3.68e-05,4.95e-05,0.000109,0.00111,0.000162,8.22e-06,0.000183,4.97e-05,0.00404,0.000109,0.000634,8.66e-05,0.000737,0.00014,3.39e-05,2.82e-06,0.000148,1.24e-05,5.02e-06,0.0044,0.00117,0.000145,8.19e-05,7.16e-05,0.00304,0.000156,0.000228,7.95e-05,0.000687,0.000192,0.041,0.000105,0.00033,0.000293,7.65e-06,0.000313,2.98e-05,0.00154,0.000243,0.00057,0.00106,1.37e-05,8.41e-05,0.000174,0.000248,0.000601,0.00029,5.16e-05,0.000159,2.61e-05,1.29e-05,9.71e-05,0.000188,4.26e-05,0.00169,0.000567,3.57e-06,0.00018,0.0084,4.77e-05,1.93e-05,0.00781,0.000216,7.81e-06,0.00153,0.0022,0.00125,2.36e-05,1e-05,0.000122,0.00157,0.000635,0.00253,6.62e-06,0.00037,0.000118,0.000179,0.000226,2.88e-05,3.66e-05,4.44e-05,2.23e-05,0.000174,3.6e-06,1.02e-05,0.000688,6.27e-05,0.000507,7.4e-05,4.06e-05,5.64e-05,0.000304,0.000157,0.000416,0.000365,0.000353
106022,0,4.47e-05,0.000856,0.00801,0.000385,0.000393,0.00308,2.85e-05,0.0012,0.00151,0.000232,0.00134,1.39e-05,8.69e-06,0.000102,0.000516,0.00149,0.00066,0.0112,0.00041,1.26e-05,0.00161,0.000135,0.000966,3.28e-05,0.00088,0.00133,0.000335,0.000196,5.08e-05,0.00163,0.00496,1.91e-05,0.00811,0.000856,1.03e-05,3.22e-05,3.19e-05,0.00179,3.89e-05,0.00118,0.000118,1.22e-05,0.000134,0.000483,2.16e-05,8.21e-05,3.9e-05,2.14e-05,0.000145,0.000102,0.00347,0.000161,0.00157,5.62e-05,0.000536,0.000225,0.000857,0.000405,0.000218,0.000183,0.00046,5.25e-06,3.44e-05,7.86e-05,0.000437,1.07e-05,4.9e-05,0.000236,8.91e-05,9.73e-05,7.24e-05,0.000189,0.000637,8.47e-05,5.1e-06,1.9e-05,4.7e-05,0.00577,0.000116,0.000448,8.29e-05,0.00117,3.73e-05,8.4e-06,4.28e-06,0.000242,5.79e-06,8e-07,0.00404,0.0013,9.3e-05,8.29e-05,0.0002,0.0015,6.78e-05,0.000196,0.000122,0.000956,0.000215,0.035,0.000129,0.000176,7.23e-05,9.9e-06,0.000242,1e-05,0.00179,0.00136,0.000382,0.000846,2.69e-06,0.000134,0.000172,0.000187,0.00049,8.41e-05,1.63e-05,0.000177,1.97e-05,3.49e-05,8.39e-05,0.000169,4.14e-05,0.00094,0.000816,5.42e-06,0.000124,0.00174,4.92e-05,0.000162,0.00441,0.000206,3.54e-06,0.00109,0.00116,0.00176,0.000125,9.13e-06,0.000102,0.000956,0.00087,0.00261,7.07e-05,0.000367,0.000137,0.000334,0.000436,1.58e-05,2.16e-05,9.91e-05,4.15e-05,0.000171,5.14e-06,2.56e-06,0.000664,0.000106,0.00044,6.01e-05,5.57e-05,2.46e-05,0.000135,0.000134,0.000464,0.000501,0.000391
105728,0,0.000135,0.000765,0.00836,0.00035,5.07e-05,0.00506,3.98e-05,0.00184,0.00223,0.000302,0.00106,8.45e-06,4.09e-06,0.000232,0.000342,0.00187,0.000483,0.0142,0.000292,1.45e-05,0.00243,0.000109,0.000362,4.69e-06,0.00118,0.00159,0.000611,0.000367,4.85e-05,0.00107,0.00638,4.74e-05,0.00859,0.000668,3.55e-05,4.32e-05,1.1e-05,0.00162,5.19e-05,0.00228,0.000173,1.96e-05,0.000149,0.000193,1.57e-05,0.000103,3.29e-06,1.82e-05,2.32e-05,9.43e-05,0.00241,0.000387,0.00116,0.000126,0.000253,0.000337,0.00188,0.000339,0.000463,0.000384,0.000988,4.19e-06,0.000188,9.44e-05,0.000225,6.77e-05,6.44e-05,0.000177,0.000145,0.000115,0.000235,0.000119,0.00164,0.000186,6.19e-06,0.000222,3.79e-05,0.00774,0.000181,0.00102,9.9e-05,0.000813,3.17e-05,1.21e-05,2.43e-05,0.000318,8.48e-06,1.26e-06,0.0066,0.00141,0.000199,0.000132,0.00024,0.00329,0.000179,0.000308,1.06e-05,0.00109,0.000187,0.0395,4.13e-05,0.000364,0.000121,3.38e-06,0.000342,1.26e-05,0.000279,0.00287,0.000907,0.0011,1.23e-05,8.97e-05,0.00014,0.000136,0.000976,0.00014,8.34e-05,0.000176,3.57e-05,3.22e-05,8.09e-05,0.0003,0.000298,0.0016,0.000498,2.47e-06,0.000282,0.00205,2.02e-05,6.25e-05,0.00867,0.000168,6.72e-06,0.00229,0.00275,0.000686,0.000112,1.13e-05,0.000295,0.0014,0.000561,0.00338,7.66e-05,0.000553,6.32e-05,0.000205,0.000557,2.37e-05,1.92e-05,7.5e-05,1.6e-05,0.000183,1.04e-05,1.7e-05,0.00116,6.63e-05,0.000732,3.33e-05,5.93e-05,3.91e-05,0.000268,0.00028,0.000592,0.000133,0.000568
100855,0,0.000115,0.000718,0.0111,0.000644,0.00039,0.00432,3.16e-06,0.00166,0.00182,0.000332,0.000859,1.09e-05,4.23e-06,0.000129,0.000494,0.00186,0.000414,0.0102,0.000588,2.89e-05,0.00261,0.000216,0.00155,2.55e-05,0.000607,0.00165,0.000703,0.000139,4.93e-05,0.00341,0.00488,3.94e-05,0.0141,0.000551,1.3e-05,6.99e-05,5.13e-05,0.00168,4.27e-05,0.00208,0.00014,2.24e-05,0.000102,0.000279,3.12e-05,7.76e-06,0.000168,2.44e-05,3.3e-05,7.59e-05,0.00205,0.000124,0.000548,8.43e-05,0.000606,0.000326,0.00121,0.000366,0.000173,0.000356,0.000909,1.2e-05,0.000165,0.000145,0.000653,4.2e-05,4.84e-05,0.0015,0.000147,0.000119,9.28e-05,0.000204,0.000846,0.000128,1.88e-05,3.91e-05,5.23e-05,0.00872,0.000203,0.000877,0.000189,0.000948,9.6e-05,2.82e-05,1.81e-06,0.000385,1.44e-05,9.79e-07,0.00382,0.00221,0.000344,0.00015,0.000165,0.00216,9.97e-05,0.000372,0.000104,0.000779,0.000168,0.0234,0.000227,0.000243,4.37e-05,7.69e-06,0.000554,2.43e-06,0.000302,0.00149,0.000612,0.000991,5.42e-06,3.39e-05,3.07e-05,0.000224,0.000466,0.000128,0.000318,0.000502,1.92e-05,3.45e-05,8.56e-05,0.000213,6.42e-05,0.00218,0.000351,4.21e-06,0.000322,0.00112,9.46e-05,2.89e-05,0.00601,0.000204,1.65e-06,0.00122,0.00225,0.000638,0.000122,1.83e-05,0.000163,0.00111,0.000126,0.00367,0.00013,0.000393,0.000207,0.00021,0.000421,1.99e-05,2.83e-05,0.000102,1.98e-05,0.000176,3.65e-06,1.3e-05,0.000606,4.62e-05,0.000989,4.22e-05,3.74e-05,8.09e-05,0.000213,0.000141,0.000707,0.000324,0.000189
106746,0,0.000124,0.000633,0.00954,0.00032,0.000481,0.00402,4.3e-05,0.00194,0.0016,0.00068,0.00102,1.28e-05,7.15e-06,0.000198,0.000455,0.00199,0.000503,0.0128,0.000153,5.46e-05,0.00236,0.000174,0.0014,1.37e-05,0.000641,0.00161,0.000355,0.000126,3.13e-05,0.00142,0.00523,2.86e-05,0.00892,0.000481,4.8e-06,4.45e-05,1.95e-05,0.00214,5.92e-05,0.00249,7.77e-05,1.05e-05,0.000142,0.000278,1.83e-05,9.39e-05,0.000147,2.95e-05,0.000126,5.63e-05,0.00244,0.00045,0.00125,0.000119,0.000336,0.0006,0.00205,0.000685,0.000203,0.000306,0.000689,6.6e-06,3.2e-05,9.68e-05,0.000736,2.05e-05,8.02e-05,0.000158,0.000128,5.81e-05,5.85e-05,0.000146,0.000857,0.000134,5.99e-06,6.17e-05,3.16e-05,0.00351,0.000159,0.000558,0.000115,0.00104,9.83e-05,9.7e-05,2.64e-05,0.000286,6e-06,2.54e-06,0.00615,0.00156,6.7e-05,6.79e-05,8.65e-05,0.00244,0.000101,0.000283,6.71e-05,0.000643,0.000184,0.0264,0.000177,0.000254,5.61e-05,2.13e-06,0.000495,9.53e-06,0.000299,0.00111,0.000642,0.00105,4.89e-06,1.95e-05,0.000127,9.09e-05,0.000473,0.000126,0.000173,0.000258,1.84e-05,1.44e-05,6.96e-05,0.000365,3.26e-05,0.00163,0.000399,5.24e-06,0.000187,0.00245,1.39e-05,0.000253,0.00401,0.000145,4.97e-06,0.00153,0.00234,0.000613,0.000109,7.12e-06,0.000103,0.00119,9.81e-05,0.00386,2.61e-05,0.000405,0.000202,0.000183,0.00149,1.66e-05,1.64e-05,7.65e-05,1.67e-05,0.000203,1.11e-05,1.92e-05,0.000784,0.000234,0.000862,5.68e-05,7.08e-05,4.27e-05,0.000203,0.000197,0.000427,0.00032,0.000408
103423,0,0.000222,0.000587,0.0113,0.000275,6.9e-05,0.0028,2.01e-05,0.00144,0.00172,0.000243,0.000856,3.21e-06,2.08e-05,0.000219,0.000536,0.00115,0.000582,0.00998,0.000214,2.220446049250313e-16,0.00225,0.000143,0.00137,2.31e-06,0.000594,0.00197,0.000262,0.000153,6.72e-06,0.00109,0.00397,5.35e-05,0.00833,0.00119,8.09e-06,4.64e-05,5.15e-05,0.00112,6.77e-05,0.00222,8.93e-05,1.75e-05,0.000182,0.000273,3.28e-05,0.000128,5.14e-05,2.4e-06,0.000154,4.24e-05,0.0013,0.000516,0.00147,0.00011,0.000287,0.000299,0.0022,0.000397,0.000414,0.000328,0.000587,4.65e-06,1.55e-05,0.000106,0.000474,0.000103,5.29e-05,0.000246,8.99e-05,3.94e-05,6.48e-05,0.000157,0.00123,0.000166,9.73e-06,2.79e-05,3.62e-05,0.00493,0.000226,0.000444,0.000109,0.000423,2.63e-05,1.57e-05,8.41e-06,0.000159,1.19e-05,8.27e-07,0.00417,0.000932,0.000331,0.000115,6.27e-05,0.00197,4.18e-05,0.00025,1.54e-05,0.00104,0.000233,0.0307,6.76e-05,0.000221,0.000267,2.77e-06,0.000207,2.71e-06,0.0014,0.000954,0.000882,0.000557,6.13e-06,2.11e-05,0.000141,0.000127,0.000479,0.00016,3.94e-05,0.000228,2.6e-05,4.53e-05,6.9e-05,0.000254,5.08e-05,0.00162,0.000619,4.56e-06,0.000221,0.00169,3.04e-05,1.4e-05,0.00482,0.000244,1.31e-06,0.00125,0.00215,0.000384,0.000161,1.82e-05,0.000206,0.000802,0.000191,0.00245,4.89e-05,0.000369,7.63e-05,0.000284,0.00527,1.98e-05,1.83e-05,9.55e-05,2.98e-05,0.00014,1.02e-05,1.25e-05,0.000808,6.28e-05,0.000485,5.29e-05,2.88e-05,5.75e-05,0.000383,8.3e-05,0.000359,0.000249,0.000142
100112,1,0.000192,0.000842,0.0102,0.000121,7.79e-05,0.00402,2.98e-05,0.00196,0.00206,0.000376,0.00135,6e-06,1.09e-05,0.000109,0.000442,0.00168,0.000937,0.0113,0.000597,2.92e-05,0.00265,0.000146,0.000401,8.48e-06,0.00111,0.00186,0.000175,0.000299,8.52e-06,0.00045,0.00534,0.000102,0.0122,0.00111,2.45e-06,8.37e-05,5.19e-05,0.00124,5.2e-05,0.00185,9.44e-05,1.64e-05,0.000115,0.0003,1.59e-05,9.18e-05,6.58e-05,2.08e-05,0.000126,7.31e-05,0.00202,0.000452,0.00142,0.000218,0.000412,0.000629,0.00154,0.000394,0.000134,0.000384,0.000551,3.98e-06,3.55e-05,0.00015,0.000703,9.02e-05,4.27e-05,0.000315,0.000192,0.000167,0.000101,0.000297,0.00161,0.000149,3.21e-06,4.71e-05,0.000133,0.00906,0.000119,0.000839,0.00017,0.000659,2.68e-05,2.65e-05,1.26e-06,0.000267,6.25e-06,1.72e-06,0.00596,0.00146,0.000154,0.000138,0.000143,0.0026,0.000251,0.000256,1.85e-05,0.00126,0.00029,0.061,8.69e-05,0.000318,5.34e-05,1.04e-06,0.000372,1.03e-05,0.000284,0.00158,0.00116,0.00169,5.22e-06,2.93e-05,0.000181,0.000272,0.000695,0.000364,0.000147,0.000267,4.46e-05,6.03e-05,0.000102,0.000255,8.68e-05,0.00176,0.000433,1.38e-06,0.000193,0.00312,5.67e-05,1.59e-05,0.00559,0.00018,1.43e-06,0.00179,0.00242,0.000942,0.000145,1.17e-05,0.000197,0.00133,9.39e-05,0.003,2.97e-05,0.000543,0.000106,0.000352,0.000538,3.12e-05,1.58e-05,0.000109,2.21e-05,9.16e-05,3.15e-05,8.4e-06,0.00147,0.000231,0.000962,4.93e-05,4e-05,7.51e-05,0.000207,0.000238,0.000596,0.00132,0.00028
100596,0,0.000119,0.000672,0.00811,8.84e-05,0.00045,0.00249,1.17e-05,0.00126,0.00126,0.000311,0.00102,5.64e-06,9.81e-06,8.2e-05,0.00034,0.00135,0.000427,0.0103,0.000142,9.41e-05,0.00193,0.000117,0.000229,8.92e-06,0.000724,0.00143,0.000458,0.000168,6.07e-06,0.000304,0.00293,4.47e-05,0.0103,0.000815,4.05e-06,4.19e-05,5.79e-05,0.00145,6.3e-05,0.00123,0.000119,2e-05,0.000157,0.000203,2.04e-05,0.000115,4.93e-05,2.49e-05,9.28e-06,6.56e-05,0.00135,0.000471,0.000776,5.48e-05,0.00051,0.000161,0.000829,0.000175,0.000418,0.000204,0.000726,7.17e-07,2.38e-05,0.0001,0.000214,6.6e-06,1.37e-05,0.00116,0.000139,8.35e-05,0.000403,0.000148,0.00069,7.49e-05,1.41e-05,3.71e-05,2.01e-05,0.00452,0.000261,0.0005,3.33e-05,0.000675,1.04e-05,2.81e-05,8.86e-06,0.000337,5.87e-05,1.64e-06,0.00407,0.00108,0.000321,0.000117,2.12e-05,0.00164,0.000127,0.000197,7.24e-05,0.000831,0.000185,0.0214,6.38e-05,0.000193,2.57e-05,1.24e-05,0.000455,4.77e-06,0.00189,0.000753,0.000589,0.000895,2.02e-06,2.95e-05,4.71e-05,6.91e-05,0.00038,9.55e-05,0.000116,0.000186,2.88e-05,9.9e-06,5.22e-05,0.00018,2.89e-05,0.000698,0.000283,3.76e-07,0.000156,0.0022,2.36e-05,1.75e-05,0.00233,0.000163,1.08e-06,0.000844,0.00116,0.000779,7.95e-05,1.53e-05,0.000135,0.00124,5.15e-05,0.00272,6.02e-05,0.000349,7.29e-05,0.000203,0.00365,3.74e-05,2.94e-06,0.000118,6.42e-05,0.000106,1.69e-05,4.48e-06,0.00122,8.78e-05,0.00118,2.88e-05,0.000114,6.9e-05,0.00022,0.000146,0.000373,0.000161,0.000562
101960,0,8.79e-05,0.000981,0.00836,0.000556,0.000479,0.0027,5.66e-06,0.000757,0.00117,0.000213,0.00155,1.66e-05,5.41e-06,9.16e-05,0.00037,0.0021,0.00121,0.0124,0.000412,9.2e-05,0.00101,0.000215,0.00117,2.02e-05,0.000935,0.000916,0.000397,0.000322,3.85e-05,0.000807,0.00347,2.84e-05,0.00943,0.000977,2.17e-05,8.45e-05,2.94e-05,0.00288,0.000253,0.00144,0.00041,1.18e-05,0.00017,0.000396,2.13e-05,0.000101,5.84e-05,1.05e-05,1.96e-06,6.53e-05,0.00313,0.000281,0.00197,8.76e-05,0.000385,0.000532,0.000899,0.000542,0.00017,0.000191,0.000985,1.81e-06,7.22e-05,0.000176,0.000146,3e-05,1.21e-05,0.00025,0.000104,8.22e-05,0.000253,0.000131,0.000702,6.86e-05,5.72e-06,7.86e-05,4.08e-05,0.0032,0.00012,0.000966,8.03e-05,0.00138,2.27e-05,4.04e-05,3.15e-05,0.00028,9.76e-06,1.29e-06,0.00332,0.000954,0.000225,8.31e-05,0.00014,0.00151,0.000142,0.000334,9.15e-05,0.000557,0.000178,0.0212,9.31e-05,0.000214,2.43e-05,1.51e-05,0.000255,1.24e-06,0.00214,0.000741,0.000478,0.000852,2.92e-06,0.00011,0.000191,0.000283,0.0004,7.98e-05,0.000216,0.000211,5.09e-05,2.45e-05,6.29e-05,0.000204,6.09e-05,0.00104,0.000603,4.35e-06,0.000141,0.00358,3.07e-05,0.000118,0.00358,0.000275,1.98e-06,0.00138,0.00102,0.00105,0.000128,2.64e-06,0.00013,0.000896,0.000235,0.00215,7.11e-06,0.000295,9.01e-05,0.000177,0.000269,2.67e-05,1.79e-05,0.000413,2.85e-05,7.89e-05,3.77e-06,9.88e-06,0.000704,8.82e-05,0.000893,6.48e-05,8.79e-05,6.11e-05,0.000216,0.000151,0.000424,0.000295,0.000492
100145,0,0.000228,0.00107,0.011,0.000253,6.76e-05,0.0015,9.46e-07,0.000543,0.000729,0.000176,0.00151,1.81e-05,2.4e-05,0.000179,0.000514,0.00127,0.000657,0.00625,0.000301,1.91e-05,0.00154,0.000228,0.00175,2.14e-05,0.000821,0.00128,0.000319,0.000183,5.82e-06,0.000668,0.00354,7.05e-05,0.00969,0.00106,1.25e-05,4.49e-05,2.84e-05,0.00195,4.97e-05,0.000969,2.44e-05,1.16e-05,0.000155,0.000225,2.66e-05,6.98e-05,0.000124,1.18e-05,1.31e-05,6.6e-05,0.00133,0.000396,0.00179,0.000129,0.000313,0.000289,0.00156,0.000258,0.000284,6.25e-05,0.00138,2.03e-05,2.69e-05,8.27e-05,0.00111,4.3e-05,2.65e-05,3.64e-05,0.000123,0.000137,8.76e-05,0.000155,0.000574,0.000226,1.92e-06,5.81e-05,6.91e-05,0.0052,0.000172,0.00047,8.68e-05,0.000419,6.84e-05,7.25e-06,4.25e-06,0.000275,3.05e-06,1.19e-06,0.00186,0.000796,0.000106,8.34e-05,4.74e-05,0.0013,4.04e-05,0.00036,0.000105,0.000748,0.000314,0.0217,0.00017,0.000212,7.86e-05,2.37e-06,0.00036,1.8e-06,0.000431,0.000932,0.000739,0.000637,5.62e-06,3.38e-05,0.000204,0.000223,0.000374,0.000158,0.000299,0.00021,5.67e-05,4.12e-05,9.13e-05,0.000126,4.79e-05,0.000856,0.000579,4.65e-06,0.000168,0.0011,9.96e-06,0.000225,0.00194,0.000349,1.72e-06,0.00138,0.00148,0.000511,0.000171,2.77e-05,0.000145,0.000706,0.000252,0.00182,0.000138,0.000297,0.000103,0.000123,0.000189,2.36e-05,1.69e-05,0.000194,8.21e-05,4.43e-05,1.43e-05,1.18e-05,0.00151,3.09e-05,0.00118,1.24e-05,1.7e-05,7.81e-05,9.6e-05,0.00016,0.000507,0.000367,0.000362
104804,0,0.000163,0.000874,0.0138,0.000443,0.000416,0.00433,4.16e-05,0.00184,0.002,0.000324,0.0012,8.35e-06,9.49e-06,0.000211,0.000674,0.00118,0.00115,0.00956,0.000214,8.65e-05,0.00277,0.000141,0.000634,2.52e-05,0.000717,0.00164,0.000285,0.000103,3.64e-05,0.00194,0.00468,6.12e-05,0.01,0.00126,3.8e-05,3.93e-05,4.22e-05,0.00189,4.89e-05,0.00268,0.000173,2.91e-05,0.000192,0.000267,2.28e-05,8.08e-05,0.000172,6.82e-06,2.47e-05,4.68e-05,0.00261,0.000104,0.00142,0.00019,0.00033,0.000382,0.00253,0.000193,0.000118,0.000319,0.00104,9.86e-07,1.61e-05,0.000147,0.000818,6.91e-05,6.6e-05,0.00022,0.000148,7.43e-05,0.000252,0.000142,0.00111,3.61e-05,1.03e-05,3.49e-05,7.6e-05,0.00562,0.000212,0.000874,0.000188,0.000893,0.000113,2.62e-05,2.89e-05,0.000105,7.54e-06,9.77e-07,0.00525,0.00148,0.000291,0.000121,2.54e-05,0.00236,0.000106,0.000357,9.5e-05,0.000888,0.000231,0.0369,0.000206,0.000322,7.08e-05,1.23e-05,0.00043,1.36e-05,0.000232,0.00192,0.000749,0.00085,1.13e-06,2.19e-05,3.67e-05,5.42e-05,0.000778,8.66e-05,5.87e-05,0.000382,4.82e-05,2.83e-05,8.55e-05,0.000182,9.92e-05,0.00106,8.61e-05,1.14e-06,0.000213,0.00117,3.32e-05,0.000112,0.00578,0.000161,1.1e-06,0.00131,0.00252,0.000831,2.23e-05,2.08e-05,0.000115,0.000631,0.00059,0.00342,1.41e-05,0.000234,6.28e-05,0.000239,0.000342,3.1e-05,3.17e-05,9.41e-05,2.99e-05,0.000147,8e-06,2e-06,0.000748,8.1e-05,0.000753,2.31e-05,3.65e-05,6.23e-05,0.000187,0.000125,0.00041,0.000211,0.000102
100111,0,0.000108,0.000847,0.00787,0.000487,0.000434,0.00326,9.63e-06,0.00126,0.00139,0.000264,0.00286,2e-05,8.41e-06,0.000148,0.00045,0.00268,0.00113,0.0133,0.000131,6.28e-05,0.00188,0.000234,0.00159,1.16e-05,0.000882,0.00101,0.00033,0.000258,7.84e-06,0.00159,0.00405,6.06e-05,0.00946,0.000964,4.83e-05,5.99e-05,4.55e-05,0.00296,0.000107,0.00214,0.000182,2.55e-05,0.000166,0.000308,2.4e-05,0.000103,2.79e-05,4.16e-05,0.000168,8.07e-05,0.00333,0.000161,0.00239,0.000125,0.000823,0.000497,0.00119,0.00042,0.000248,0.000317,0.00095,6.61e-06,1.26e-05,9.9e-05,0.000349,8.79e-05,6.55e-05,0.000199,0.000171,0.000157,7.08e-05,0.000211,0.000825,0.000241,1.11e-05,3.73e-05,6.03e-05,0.00745,0.000288,0.0011,0.000243,0.00151,0.000166,4.51e-05,4.06e-05,0.000391,4.89e-05,1.12e-06,0.00345,0.00138,0.000109,0.000189,5.11e-05,0.00298,0.000167,0.000363,0.000118,0.000677,0.000373,0.0243,6.12e-05,0.000344,0.000206,2.68e-05,0.000404,8.86e-06,0.000371,0.000543,0.000392,0.000553,2.53e-06,0.000142,5.39e-05,0.000124,0.000597,8.92e-05,5.49e-05,0.00047,8.52e-05,4.06e-05,0.000147,0.000306,5.16e-05,0.00128,0.000521,1.67e-06,0.000246,0.0022,3.23e-05,4.8e-05,0.00485,0.000249,1.32e-05,0.00174,0.00204,0.0011,2.36e-05,1.41e-05,0.000203,0.000861,0.000113,0.00256,4.57e-05,0.000358,0.000161,9.73e-05,0.00396,5.01e-05,2.82e-05,0.000412,1.75e-05,0.00023,2.17e-05,4.3e-06,0.000878,7.67e-05,0.00097,5.7e-05,0.000227,7.65e-05,0.000229,0.000242,0.000656,0.000218,0.00014
104726,0,0.000144,0.001,0.0112,0.000514,0.000642,0.00231,3.68e-05,0.00145,0.00119,0.000238,0.0011,1.33e-05,1.12e-05,0.000165,0.000465,0.00245,0.000815,0.00945,0.000122,2.25e-05,0.00153,0.000115,0.00107,1.19e-05,0.000768,0.0016,0.000326,0.00021,1.63e-05,0.00237,0.00361,6e-05,0.0115,0.00112,2.23e-05,5.12e-05,3.82e-05,0.00264,6.13e-05,0.00173,0.00013,2.57e-05,0.000959,0.000388,2.85e-05,7.16e-05,9.7e-05,1.3e-05,8.5e-05,6.1e-05,0.00317,0.000407,0.00196,0.000204,0.000369,0.000242,0.00157,0.000372,0.000202,0.000166,0.000883,6.61e-06,0.000115,7.89e-05,0.000676,8.1e-05,3.57e-05,0.000287,0.000162,9.96e-05,0.000137,9.57e-05,0.000991,0.000153,4.33e-06,5.55e-05,1.38e-05,0.00389,0.000175,0.000572,0.000139,0.000968,5.81e-06,3.35e-05,2.91e-05,0.000256,9.65e-06,1.37e-06,0.00313,0.00138,0.00023,0.000412,0.000205,0.00175,0.000152,0.000351,9.95e-05,0.000765,0.000218,0.027,0.000127,0.000281,5.8e-05,2.05e-05,0.000352,4.22e-06,0.000254,0.000817,0.000553,0.00117,2.04e-06,0.000126,0.000184,5.04e-05,0.000539,0.000118,0.000183,0.000293,1.94e-05,3.28e-05,0.000215,0.000167,3.36e-05,0.00116,0.000505,2.21e-06,0.000176,0.00266,8.38e-05,2.39e-05,0.00483,0.000184,7.14e-06,0.00121,0.00163,0.00072,4.45e-05,1.43e-05,0.000228,0.00128,0.000261,0.00302,6.3e-05,0.000299,0.000109,0.000124,0.000217,0.000161,4.01e-05,0.000119,4.02e-05,0.00014,4.69e-06,2.23e-06,0.000216,0.00014,0.000864,8.09e-05,9.4e-05,8.49e-05,0.000251,0.000109,0.000313,9.18e-05,0.000389
105438,0,0.000142,0.000742,0.0108,0.00035,0.000536,0.00319,1.12e-05,0.00189,0.0011,0.000603,0.0017,2.04e-06,1.06e-05,0.000125,0.000613,0.00314,0.00128,0.0128,0.000392,0.000108,0.00154,0.000192,0.000599,2.62e-05,0.000818,0.00161,0.000279,0.000238,3.85e-05,0.00444,0.00445,3.14e-05,0.00795,0.00104,9.85e-06,3.94e-05,2.15e-05,0.0029,9.17e-05,0.00135,0.000155,1.02e-05,0.000116,0.00036,2.84e-05,0.000105,0.000371,1.56e-05,1.15e-05,4.37e-05,0.00359,0.000203,0.00242,0.000228,0.000716,0.000196,0.00127,0.000469,0.000246,0.000205,0.000733,4.34e-06,0.000103,6.53e-05,0.000653,3.19e-05,2.45e-05,0.000146,0.000136,0.000159,9.35e-05,7.56e-05,0.00104,0.000127,4.32e-06,7.4e-05,5.39e-05,0.0034,0.000282,0.000585,0.000172,0.000968,3.87e-05,5.9e-05,4.39e-06,0.000188,1.04e-05,2.15e-06,0.00347,0.0019,0.000135,0.000385,0.000126,0.00175,0.00033,0.000352,0.00013,0.000773,0.000252,0.0269,0.000425,0.000224,3.38e-05,2.22e-05,0.000231,3.94e-05,0.000339,0.00136,0.000269,0.000717,3.97e-06,1.87e-05,3.53e-05,0.000156,0.000554,0.000117,7.29e-05,0.000178,6.7e-05,2.82e-05,0.000105,0.000197,4.84e-05,0.000929,0.000717,6.56e-06,0.000168,0.00157,7.89e-05,0.000216,0.00378,0.000239,2.9e-06,0.00103,0.00124,0.000724,0.000131,8.27e-06,0.000102,0.00156,8.6e-05,0.00267,8.75e-05,0.000282,0.000109,0.000106,0.00507,0.000201,2.91e-05,0.000146,2.11e-05,0.000178,8.47e-06,4.09e-06,0.00109,3.51e-05,0.00053,3.97e-05,2.89e-05,7.96e-05,0.000305,0.000139,0.000504,0.000276,0.000372
105080,0,0.000116,0.000768,0.0103,0.000452,0.00041,0.00206,2.63e-05,0.00108,0.00094,0.000204,0.0017,1.97e-05,4.01e-06,0.000165,0.000362,0.00244,0.00127,0.0129,9.85e-05,2.65e-05,0.00135,0.000164,0.00147,2.66e-06,0.00113,0.00102,0.000352,0.000243,5.43e-06,0.00541,0.00312,3.65e-05,0.0119,0.00101,1.98e-05,5.75e-05,6.89e-06,0.00364,0.000107,0.00139,5.17e-05,1.09e-05,0.000151,0.000475,2.45e-05,0.000131,8.35e-05,9.71e-06,1.31e-05,5.54e-05,0.00439,0.000288,0.00186,0.00013,0.000824,0.00029,0.000961,0.00021,0.000129,0.000156,0.00114,8.38e-07,2.53e-05,7.05e-05,0.000173,2.09e-05,2.18e-05,0.00126,0.000143,7.05e-05,9.16e-05,0.000105,0.000563,8.07e-05,6.51e-06,9.91e-05,5.41e-05,0.00287,0.000334,0.000404,8.09e-05,0.001,4.31e-05,2.16e-05,2.12e-05,0.000209,3.4e-06,2.99e-06,0.00311,0.000852,0.000171,0.000344,5.98e-05,0.0013,0.000128,0.000242,9.33e-05,0.000518,0.000247,0.0369,0.000101,0.000191,5.27e-05,5.89e-07,0.000221,4.56e-06,0.00157,0.00112,0.000273,0.00096,3.83e-06,0.000196,0.000203,0.000258,0.000554,8.27e-05,0.000223,0.000241,2.32e-05,2.43e-05,0.00012,0.000166,0.000101,0.00071,0.000582,1.05e-06,0.000127,0.00605,1.48e-05,3.12e-05,0.00257,0.000415,3.46e-06,0.000799,0.000763,0.000499,8.48e-05,3.05e-05,0.00031,0.00096,0.000118,0.00244,4.67e-05,0.000489,6.5e-05,0.000121,0.000349,4.78e-05,1.77e-05,6.76e-05,2.59e-05,0.000171,4.84e-05,7.76e-06,0.000415,8.08e-05,0.000645,3.01e-05,5.05e-05,6.02e-05,0.000233,0.000179,0.000309,0.000212,0.000283
109901,0,9.63e-05,0.00134,0.00993,0.000452,0.000469,0.00205,1.93e-06,0.000692,0.000573,0.000171,0.00183,1.44e-05,1.58e-05,9.65e-05,0.000337,0.00259,0.00117,0.0103,7.2e-05,7.36e-05,0.000834,0.000167,0.00103,3.32e-05,0.00111,0.000741,0.000269,0.00043,5.49e-06,0.000869,0.00272,2.97e-05,0.00811,0.00111,1.35e-05,5e-05,2.18e-05,0.00343,0.000127,0.000797,4.01e-05,9.04e-06,0.000158,0.000336,3.46e-05,7.95e-05,0.000121,5.97e-06,4.21e-05,5.95e-05,0.00289,0.000396,0.00249,0.000214,0.000576,0.000181,0.000726,0.000301,0.000155,0.000125,0.00134,6.17e-06,2.66e-05,0.000124,0.00046,1.48e-05,1.91e-05,0.000213,0.000104,6.65e-05,0.000245,7.84e-05,0.000493,0.0002,3.15e-06,9.74e-05,3.35e-05,0.00411,0.000172,0.000729,6.34e-05,0.00122,2.72e-05,1.43e-05,1.94e-05,0.000202,1.48e-05,1.67e-06,0.00262,0.000839,0.000282,7.44e-05,9.42e-05,0.00102,0.000117,0.000191,0.000121,0.000375,0.000172,0.0229,0.000146,0.000157,5.39e-05,1.49e-05,0.00016,1.13e-05,0.00021,0.00103,0.000274,0.000496,5.28e-06,1.95e-05,0.000163,0.000225,0.000372,9.97e-05,0.000261,0.000405,0.00012,3.69e-05,6.39e-05,0.000256,4.38e-05,0.000467,0.000823,7.79e-06,0.00017,0.00462,2.92e-05,0.000167,0.00174,0.000191,6.33e-06,0.000608,0.000717,0.00083,2.28e-05,1.07e-05,9.31e-05,0.00116,0.000173,0.00258,3.63e-05,0.000161,9.96e-05,9.92e-05,0.000201,2.49e-05,5.35e-05,2.3e-05,2.2e-05,6.88e-05,8.51e-06,7.69e-06,0.000663,7.42e-05,0.000447,3.57e-05,3.22e-05,3.97e-05,0.000112,0.00013,0.000668,0.000598,0.000301
109089,0,8.18e-05,0.000893,0.00917,0.000406,0.000499,0.00199,2.6e-05,0.00105,0.000782,0.00029,0.00107,1.54e-05,7.25e-06,0.000121,0.000361,0.00256,0.000872,0.00973,0.000314,1.58e-05,0.00108,0.000196,0.000581,4.51e-05,0.000727,0.000844,0.000195,0.000282,1.5e-05,0.002,0.00323,3.52e-05,0.00915,0.00096,2.83e-05,6.3e-05,9.66e-06,0.00364,5.06e-05,0.00152,7.36e-05,1.21e-05,0.00016,0.000453,2.66e-05,7.81e-05,9.28e-05,2.46e-06,0.0001,4.41e-05,0.00334,0.000126,0.00141,0.0002,0.000644,0.000212,0.000757,0.000213,0.000144,0.000163,0.000836,1.94e-06,3e-05,9.09e-05,0.000784,6.56e-05,2.8e-05,0.000259,0.000133,9.84e-05,3.44e-05,0.000143,0.000573,0.000165,3.09e-06,0.000115,8.74e-05,0.00311,0.000154,0.000531,7.12e-05,0.00111,2.87e-05,2.23e-05,3.15e-05,0.000273,1.69e-05,1.2e-06,0.0031,0.000827,0.000263,9.69e-05,0.000191,0.00146,0.000143,0.0003,0.00016,0.000463,0.00019,0.0344,9.99e-05,0.000213,5.79e-05,2.83e-05,0.000227,1.63e-06,0.000209,0.000771,0.000219,0.0013,1.54e-05,3.21e-05,3.69e-05,0.000118,0.000434,0.000105,0.000182,0.000422,2.51e-05,1.86e-05,0.000204,8.77e-05,6.96e-05,0.00111,0.000629,2.15e-06,0.000177,0.00366,4.43e-05,0.000202,0.00378,0.000167,2.1e-06,0.00108,0.00124,0.00135,7.92e-05,4.67e-06,0.000331,0.0012,0.000247,0.00227,7.08e-05,0.000263,3.28e-05,0.000171,0.000298,9.07e-05,3.08e-05,4.94e-05,2.32e-05,0.000166,1.27e-05,6.67e-06,0.000613,0.000148,0.000479,2.62e-05,9.18e-05,7.64e-05,0.000171,0.00019,0.000388,0.000331,0.00013
103176,0,0.000107,0.000597,0.00671,0.00037,0.000324,0.00201,3.89e-06,0.000735,0.000988,0.000236,0.00113,9.02e-06,8.33e-06,0.000352,0.000387,0.00186,0.000792,0.00657,0.000449,2.85e-05,0.00175,0.000137,0.000408,2.97e-05,0.000558,0.000791,0.000438,0.000169,2.84e-05,0.000841,0.00352,2.29e-05,0.00766,0.000977,2.34e-05,4.19e-05,4.71e-05,0.00222,3.22e-05,0.00142,9.74e-05,1.91e-05,0.000113,0.000222,4.1e-05,7.11e-05,2.78e-05,1.02e-05,1.07e-05,7.26e-05,0.00233,0.000495,0.00157,7.96e-05,0.000298,0.000291,0.00136,0.000492,0.000223,0.000165,0.000971,4.72e-06,3.84e-05,0.000139,0.00107,3.34e-05,2.29e-05,0.000639,0.000103,0.000163,0.000205,0.000145,0.000405,0.000175,5.51e-06,5.43e-05,5.2e-05,0.00411,0.000378,0.000683,6.87e-05,0.00121,5.35e-05,8.49e-06,8.23e-05,0.000249,6.39e-06,1.4e-06,0.00177,0.00108,0.000328,9.81e-05,4.47e-05,0.00143,5.21e-05,0.000238,9.65e-05,0.000605,0.000225,0.0217,8.52e-05,0.000191,2.15e-05,9.98e-07,0.000187,4.95e-06,0.0019,0.00164,0.000362,0.000664,8.68e-06,9.93e-05,0.000426,0.000168,0.000358,0.000352,4.58e-05,0.000481,2.95e-05,5.3e-05,0.000108,0.000119,3.04e-05,0.000727,0.000558,4.8e-06,0.000145,0.00102,1.3e-05,0.0001,0.00161,0.000133,4.97e-06,0.000955,0.00103,0.000658,2.89e-05,7.06e-06,0.000128,0.000739,0.000149,0.00189,1.47e-05,0.00022,0.000175,0.000183,0.000284,2.14e-05,2.86e-05,8.03e-05,1.36e-05,0.000174,1.53e-05,2.18e-06,0.00129,2.88e-05,0.00038,6.71e-05,6.85e-05,3.37e-05,9.17e-05,6.34e-05,0.000392,0.000289,0.000127
102357,0,0.000103,0.00062,0.00846,0.000393,0.000318,0.00256,2.7e-05,0.00146,0.000843,0.000169,0.000686,9.61e-06,1.17e-05,9.97e-05,0.000505,0.00145,0.000684,0.00651,0.000477,1.64e-05,0.00158,0.000267,0.000996,5.03e-06,0.000739,0.000915,0.00036,0.000197,2.23e-05,0.00136,0.0037,3.59e-05,0.00814,0.000781,2.220446049250313e-16,3.18e-05,8.39e-06,0.0017,9.46e-05,0.00131,7.84e-05,1.18e-05,0.000164,0.000238,2.22e-05,7.48e-05,6.69e-05,1.91e-05,0.00012,0.000109,0.0016,0.000405,0.00164,9.6e-05,0.000576,0.000247,0.00081,0.000253,0.000178,0.000254,0.00104,3e-06,3.67e-05,0.000192,0.000457,1.39e-05,2.94e-05,0.000221,0.000146,0.000105,0.000251,0.000118,0.00063,0.000111,6.54e-06,0.000127,0.000124,0.00506,0.000245,0.000415,7.52e-05,0.00057,2.03e-05,0.000147,6.46e-06,0.000298,1.5e-05,1.25e-06,0.00286,0.000859,9.54e-05,8.92e-05,9.11e-05,0.00162,0.000117,0.000333,0.000135,0.000619,0.000247,0.0194,0.000146,0.00019,3.96e-05,8.28e-06,0.000389,8.9e-07,0.00203,0.00177,0.000717,0.00062,3.68e-06,0.00012,0.000399,5.75e-05,0.000482,8.27e-05,5.41e-05,0.000204,3.27e-05,7.28e-06,9.55e-05,0.000293,4.88e-05,0.00096,0.000876,3.58e-06,0.000162,0.00169,3.26e-05,9.59e-05,0.00281,0.00012,1.78e-06,0.001,0.00142,0.000271,0.000189,1.59e-05,0.000124,0.00095,6.57e-05,0.00243,1.82e-05,0.000328,0.000103,0.000166,0.000232,0.000113,2.3e-05,0.000102,1.32e-05,0.000257,7.09e-06,2.83e-06,0.00144,0.000103,0.000378,1.9e-05,3.25e-05,5.11e-05,9.67e-05,0.000338,0.00037,0.000267,0.000508
107362,0,0.000119,0.000317,0.0132,0.000387,5.59e-05,0.00377,1.1e-06,0.000738,0.00209,0.000228,0.000955,2.42e-06,3.19e-06,0.000138,0.000564,0.00152,0.000649,0.00796,0.00053,4.03e-05,0.0014,8.48e-05,0.00176,2.05e-05,0.000706,0.00112,0.000152,0.000132,3.17e-05,0.00104,0.00489,2.31e-05,0.01,0.000596,3.5e-06,4.79e-05,9.47e-05,0.00163,6.62e-05,0.00248,0.00012,1.15e-05,0.000168,0.000652,4.37e-05,0.000148,8.43e-05,4.24e-06,0.000193,3.74e-05,0.00219,0.000491,0.00203,9.74e-05,0.000341,0.000231,0.00122,0.000232,0.000175,0.000346,0.000805,8.5e-06,1.27e-05,0.000118,0.000421,2.79e-05,2.56e-05,0.000247,0.000107,9.42e-05,3.27e-05,9.16e-05,0.000859,6.23e-05,1.13e-05,7.22e-05,4.55e-05,0.00465,0.000474,0.000487,2e-05,0.000593,7.49e-05,2.69e-05,8.18e-06,0.000377,1.2e-05,9.4e-07,0.00344,0.0014,4.21e-05,0.000151,0.000137,0.00249,6.58e-05,0.000365,0.000121,0.000683,0.00028,0.023,0.000124,0.000264,0.000124,1.29e-06,0.00025,1.28e-05,0.000505,0.00342,0.000579,0.000742,1.81e-05,0.000211,0.000235,7.82e-05,0.000444,0.000111,0.000238,0.000248,7.51e-05,2.72e-05,5.54e-05,0.000227,9.27e-05,0.00259,0.000605,5.32e-06,0.000275,0.00343,3.39e-05,2e-05,0.00501,0.000215,2.3e-05,0.0016,0.00165,0.000392,0.00011,2.08e-05,9.14e-05,0.00101,0.000115,0.00186,2.63e-05,0.000295,0.00121,0.000256,0.000344,3.07e-05,1.69e-05,0.00027,1.21e-05,0.000156,1.72e-05,2.11e-06,0.00155,7.27e-05,0.000652,2.7e-05,2.66e-05,4.04e-05,0.0001,0.000294,0.000433,0.000302,0.000487
109522,1,0.000401,0.000957,0.0134,0.000284,0.000637,0.00229,5.61e-06,0.00122,0.00145,0.000288,0.00119,9.18e-06,1.49e-05,0.000104,0.000438,0.00155,0.000689,0.00828,0.000162,3.73e-05,0.00177,0.000163,0.0011,4.62e-05,0.000578,0.00185,0.00029,0.000181,7.57e-06,0.00118,0.00332,4.72e-05,0.00759,0.00152,2.1e-05,3.7e-05,3.44e-05,0.00139,7.99e-05,0.00123,0.000124,9.6e-06,0.000135,0.000251,1.9e-05,7.46e-05,4.34e-05,1.71e-05,6.64e-06,5.35e-05,0.00197,0.000325,0.00188,0.000482,0.000429,0.000231,0.00175,0.000295,0.000105,0.00018,0.00112,4.24e-06,3.18e-05,0.000161,0.000284,3.9e-05,3.47e-05,0.000519,0.000139,0.00016,7.14e-05,0.000108,0.00132,0.000105,5.99e-06,0.000292,6.02e-05,0.00417,0.000262,0.00056,7.07e-05,0.000455,9.84e-05,6.26e-05,2.46e-05,0.000198,1.01e-05,1.83e-06,0.00459,0.00125,0.000154,0.000259,5.62e-05,0.00155,3.71e-05,0.000323,7.3e-05,0.00101,0.000222,0.0479,8.1e-05,0.000178,4.69e-05,6.99e-06,0.000362,2e-06,0.000267,0.00139,0.000869,0.000547,1.13e-05,9.64e-05,0.000191,6.51e-05,0.00054,9.44e-05,3.69e-05,0.000177,3.59e-05,3.13e-05,6.32e-05,0.000213,6.83e-05,0.0013,0.000586,3.47e-06,0.000174,0.00132,5.72e-05,2.71e-05,0.00319,0.000178,2.56e-06,0.00101,0.000903,0.000502,0.000201,2.82e-05,0.000178,0.00105,0.000271,0.00247,0.000164,0.000406,0.000263,0.000136,0.000245,5.43e-05,2.45e-05,7.79e-05,1.39e-05,9.17e-05,1.04e-05,1.57e-06,0.000764,8.77e-05,0.000537,6.25e-06,2.57e-05,0.000115,0.000155,7.8e-05,0.000428,0.000305,0.000269
